Timestamp,EAR,Status
2025-05-28 13:17:12.361791,0.03,DROWSY
2025-05-28 13:17:12.418580,0.03,DROWSY
2025-05-28 13:17:12.471051,0.04,DROWSY
2025-05-28 13:17:12.545259,0.03,DROWSY
2025-05-28 13:17:12.633642,0.04,DROWSY
2025-05-28 13:17:12.700906,0.02,DROWSY
2025-05-28 13:17:12.778929,0.04,DROWSY
2025-05-28 13:17:12.873911,0.05,DROWSY
2025-05-28 13:17:12.949974,0.03,DROWSY
2025-05-28 13:17:13.088683,0.04,DROWSY
2025-05-28 13:17:13.175160,0.03,DROWSY
2025-05-28 13:17:13.254856,0.02,DROWSY
2025-05-28 13:17:13.294740,0.04,DROWSY
2025-05-28 13:17:13.347958,0.05,DROWSY
2025-05-28 13:17:13.406528,0.04,DROWSY
2025-05-28 13:17:13.476421,0.04,DROWSY
2025-05-28 13:17:13.555198,0.02,DROWSY
2025-05-28 13:17:13.671804,0.08,DROWSY
2025-05-28 13:17:13.742707,0.13,DROWSY
2025-05-28 13:17:13.792898,0.14,DROWSY
2025-05-28 13:17:13.873430,0.15,DROWSY
2025-05-28 13:17:13.926193,0.14,DROWSY
2025-05-28 13:17:13.984473,0.19,DROWSY
2025-05-28 13:17:14.061138,0.18,DROWSY
2025-05-28 13:20:06.481709,0.1,DROWSY
2025-05-28 13:20:06.659482,0.05,DROWSY
2025-05-28 13:20:06.724302,0.06,DROWSY
2025-05-28 13:20:06.791358,0.1,DROWSY
2025-05-28 13:20:06.878354,0.08,DROWSY
2025-05-28 13:20:06.931914,0.06,DROWSY
2025-05-28 13:20:06.992514,0.05,DROWSY
2025-05-28 13:20:07.044870,0.07,DROWSY
2025-05-28 13:20:07.097125,0.05,DROWSY
2025-05-28 13:20:07.165581,0.06,DROWSY
2025-05-28 13:20:07.241373,0.08,DROWSY
2025-05-28 13:20:07.291028,0.06,DROWSY
2025-05-28 13:20:07.357972,0.06,DROWSY
2025-05-28 13:20:07.397814,0.07,DROWSY
2025-05-28 13:20:07.466145,0.13,DROWSY
2025-05-28 13:20:07.546448,0.06,DROWSY
2025-05-28 13:20:07.694376,0.06,DROWSY
2025-05-28 13:20:07.759237,0.06,DROWSY
2025-05-28 13:20:07.823960,0.07,DROWSY
2025-05-28 13:20:07.880914,0.08,DROWSY
2025-05-28 13:20:07.944560,0.09,DROWSY
2025-05-28 13:20:08.221981,0.05,DROWSY
2025-05-28 13:20:08.328087,0.09,DROWSY
2025-05-28 13:20:08.428254,0.08,DROWSY
2025-05-28 13:20:08.494197,0.07,DROWSY
2025-05-28 13:20:08.567238,0.09,DROWSY
2025-05-28 13:20:08.623085,0.07,DROWSY
2025-05-28 13:20:08.692561,0.06,DROWSY
2025-05-28 13:20:08.774805,0.09,DROWSY
2025-05-28 13:20:08.841469,0.09,DROWSY
2025-05-28 13:20:08.903819,0.08,DROWSY
2025-05-28 13:20:08.965456,0.12,DROWSY
2025-05-28 13:20:09.060481,0.09,DROWSY
2025-05-28 13:20:09.140250,0.12,DROWSY
2025-05-28 13:20:09.262042,0.17,DROWSY
2025-05-28 13:20:09.363254,0.18,DROWSY
2025-05-28 14:28:52.987052,0.07,DROWSY
2025-05-28 14:28:53.064218,0.07,DROWSY
2025-05-28 14:28:53.141828,0.06,DROWSY
2025-05-28 14:28:53.241479,0.07,DROWSY
2025-05-28 14:28:53.294045,0.06,DROWSY
2025-05-28 14:28:53.353683,0.04,DROWSY
2025-05-28 14:28:53.454861,0.04,DROWSY
2025-05-28 14:28:53.541800,0.06,DROWSY
2025-05-28 14:28:53.606606,0.08,DROWSY
2025-05-28 14:28:53.760021,0.09,DROWSY
2025-05-28 14:28:53.842129,0.08,DROWSY
2025-05-28 14:28:53.892081,0.06,DROWSY
2025-05-28 14:28:54.174655,0.04,DROWSY
2025-05-28 14:28:54.239602,0.04,DROWSY
2025-05-28 14:28:54.306055,0.08,DROWSY
2025-05-28 14:28:54.387260,0.07,DROWSY
2025-05-28 14:28:54.485887,0.06,DROWSY
2025-05-28 14:28:54.531686,0.06,DROWSY
2025-05-28 14:28:54.623530,0.08,DROWSY
2025-05-28 14:28:54.677395,0.05,DROWSY
2025-05-28 14:28:54.739305,0.04,DROWSY
2025-05-28 14:28:54.803135,0.04,DROWSY
2025-05-28 14:28:54.955408,0.07,DROWSY
2025-05-28 14:28:55.157095,0.08,DROWSY
2025-05-28 14:28:55.224952,0.07,DROWSY
2025-05-28 14:28:55.293555,0.04,DROWSY
2025-05-28 14:28:55.363848,0.07,DROWSY
2025-05-28 14:28:55.437761,0.06,DROWSY
2025-05-28 14:28:55.487050,0.06,DROWSY
2025-05-28 14:28:55.546602,0.06,DROWSY
2025-05-28 14:28:55.590025,0.05,DROWSY
2025-05-28 14:28:55.663084,0.07,DROWSY
2025-05-28 14:28:55.723179,0.05,DROWSY
2025-05-28 14:28:55.790709,0.04,DROWSY
2025-05-28 14:28:55.857465,0.06,DROWSY
2025-05-28 14:28:55.895165,0.07,DROWSY
2025-05-28 14:28:55.975799,0.06,DROWSY
2025-05-28 14:28:56.037158,0.09,DROWSY
2025-05-28 14:28:56.131308,0.07,DROWSY
2025-05-28 14:28:56.186438,0.05,DROWSY
2025-05-28 14:28:56.272650,0.06,DROWSY
2025-05-28 14:28:56.345495,0.06,DROWSY
2025-05-28 14:28:56.417741,0.07,DROWSY
2025-05-28 14:28:56.491356,0.06,DROWSY
2025-05-28 14:28:56.569573,0.06,DROWSY
2025-05-28 14:28:56.607854,0.05,DROWSY
2025-05-28 14:28:56.659013,0.06,DROWSY
2025-05-28 14:28:56.737999,0.06,DROWSY
2025-05-28 14:28:56.817193,0.05,DROWSY
2025-05-28 14:28:56.875677,0.07,DROWSY
2025-05-28 14:28:56.944618,0.06,DROWSY
2025-05-28 14:28:57.001216,0.07,DROWSY
2025-05-28 14:28:57.084240,0.08,DROWSY
2025-05-28 14:28:57.136135,0.11,DROWSY
2025-05-28 14:28:57.206852,0.15,DROWSY
2025-05-28 14:28:57.276771,0.15,DROWSY
2025-05-28 14:28:57.333902,0.16,DROWSY
2025-05-28 14:29:03.682833,0.08,DROWSY
2025-05-28 14:29:03.834173,0.11,DROWSY
2025-05-28 14:29:03.983779,0.08,DROWSY
2025-05-28 14:29:04.166661,0.05,DROWSY
2025-05-28 14:29:04.242571,0.07,DROWSY
2025-05-28 14:29:04.317000,0.06,DROWSY
2025-05-28 14:29:04.459230,0.08,DROWSY
2025-05-28 14:29:04.566381,0.11,DROWSY
2025-05-28 14:29:04.656534,0.08,DROWSY
2025-05-28 14:29:04.730787,0.09,DROWSY
2025-05-28 14:29:04.801649,0.09,DROWSY
2025-05-28 14:29:04.890068,0.08,DROWSY
2025-05-28 14:29:04.966303,0.07,DROWSY
2025-05-28 14:29:05.030203,0.1,DROWSY
2025-05-28 14:29:05.112744,0.12,DROWSY
2025-05-28 14:29:05.182583,0.11,DROWSY
2025-05-28 14:29:05.233380,0.16,DROWSY
2025-05-28 14:29:05.314926,0.16,DROWSY
2025-05-28 14:29:05.395248,0.19,DROWSY
2025-05-28 14:29:29.763539,0.08,DROWSY
2025-05-28 14:29:29.807862,0.09,DROWSY
2025-05-28 14:29:29.862492,0.07,DROWSY
2025-05-28 14:29:29.939755,0.07,DROWSY
2025-05-28 14:29:30.037246,0.07,DROWSY
2025-05-28 14:29:30.077129,0.07,DROWSY
2025-05-28 14:29:30.160941,0.1,DROWSY
2025-05-28 14:29:30.227053,0.1,DROWSY
2025-05-28 14:29:30.290729,0.1,DROWSY
2025-05-28 14:29:30.341181,0.09,DROWSY
2025-05-28 14:29:30.404062,0.1,DROWSY
2025-05-28 14:29:30.506556,0.09,DROWSY
2025-05-28 14:29:30.588653,0.06,DROWSY
2025-05-28 14:29:30.648827,0.11,DROWSY
2025-05-28 14:29:30.706564,0.1,DROWSY
2025-05-28 14:29:30.759166,0.09,DROWSY
2025-05-28 14:29:30.814318,0.11,DROWSY
2025-05-28 14:29:30.904722,0.1,DROWSY
2025-05-28 14:29:30.998750,0.11,DROWSY
2025-05-28 14:29:31.088041,0.12,DROWSY
2025-05-28 14:29:31.135313,0.11,DROWSY
2025-05-28 14:29:31.197755,0.13,DROWSY
2025-05-28 14:29:31.252565,0.11,DROWSY
2025-05-28 14:29:31.323940,0.11,DROWSY
2025-05-28 14:29:31.392973,0.13,DROWSY
2025-05-28 14:29:31.491538,0.19,DROWSY
2025-05-28 14:29:31.565495,0.19,DROWSY
2025-05-28 14:29:37.752498,0.13,DROWSY
2025-05-28 14:29:37.801813,0.14,DROWSY
2025-05-28 14:29:37.845193,0.1,DROWSY
2025-05-28 14:29:37.917083,0.13,DROWSY
2025-05-28 14:29:37.998362,0.14,DROWSY
2025-05-28 14:29:38.085724,0.14,DROWSY
2025-05-28 14:29:38.160364,0.16,DROWSY
2025-05-28 14:29:38.230492,0.16,DROWSY
2025-05-28 14:29:38.291428,0.15,DROWSY
2025-05-28 14:29:38.351453,0.16,DROWSY
2025-05-28 14:29:38.452962,0.17,DROWSY
2025-05-28 14:29:38.532540,0.19,DROWSY
2025-05-28 14:29:38.617466,0.18,DROWSY
2025-05-28 14:29:38.681019,0.15,DROWSY
2025-05-28 14:29:38.735106,0.16,DROWSY
2025-05-28 14:29:38.796088,0.15,DROWSY
2025-05-28 14:29:38.882726,0.15,DROWSY
2025-05-28 14:29:38.965199,0.11,DROWSY
2025-05-28 14:29:39.017057,0.14,DROWSY
2025-05-28 14:29:39.080800,0.15,DROWSY
2025-05-28 14:29:39.133811,0.14,DROWSY
2025-05-28 14:29:39.187871,0.15,DROWSY
2025-05-28 14:29:39.264539,0.14,DROWSY
2025-05-28 14:29:39.333486,0.16,DROWSY
2025-05-28 14:29:45.585603,0.08,DROWSY
2025-05-28 14:29:45.628058,0.11,DROWSY
2025-05-28 14:29:45.681621,0.1,DROWSY
2025-05-28 14:29:45.739951,0.11,DROWSY
2025-05-28 14:29:45.791111,0.1,DROWSY
2025-05-28 14:29:45.867173,0.12,DROWSY
2025-05-28 14:29:45.923163,0.11,DROWSY
2025-05-28 14:29:46.031744,0.12,DROWSY
2025-05-28 14:29:46.088428,0.12,DROWSY
2025-05-28 14:29:46.158229,0.13,DROWSY
2025-05-28 14:29:46.231011,0.12,DROWSY
2025-05-28 14:29:46.375244,0.1,DROWSY
2025-05-28 14:29:46.676918,0.12,DROWSY
2025-05-28 14:29:46.816581,0.13,DROWSY
2025-05-28 14:29:46.895230,0.12,DROWSY
2025-05-28 14:29:47.001290,0.11,DROWSY
2025-05-28 14:29:47.090950,0.12,DROWSY
2025-05-28 14:29:47.183097,0.12,DROWSY
2025-05-28 14:29:47.259226,0.12,DROWSY
2025-05-28 14:29:47.325124,0.15,DROWSY
2025-05-28 14:29:47.395011,0.12,DROWSY
2025-05-28 14:29:47.480629,0.14,DROWSY
2025-05-28 14:29:47.540078,0.1,DROWSY
2025-05-28 14:29:47.590487,0.11,DROWSY
2025-05-28 14:29:47.655020,0.12,DROWSY
2025-05-28 14:29:47.724940,0.13,DROWSY
2025-05-28 14:29:47.785907,0.13,DROWSY
2025-05-28 14:29:47.853577,0.12,DROWSY
2025-05-28 14:29:47.928556,0.11,DROWSY
2025-05-28 14:29:48.006030,0.12,DROWSY
2025-05-28 14:29:48.089251,0.12,DROWSY
2025-05-28 14:29:48.157749,0.13,DROWSY
2025-05-28 14:29:48.275443,0.14,DROWSY
2025-05-28 14:29:48.347506,0.12,DROWSY
2025-05-28 14:29:48.407577,0.14,DROWSY
2025-05-28 14:29:48.490359,0.14,DROWSY
2025-05-28 14:29:48.565690,0.13,DROWSY
2025-05-28 14:29:48.649841,0.12,DROWSY
2025-05-28 14:29:48.709480,0.12,DROWSY
2025-05-28 14:29:48.773761,0.12,DROWSY
2025-05-28 14:29:48.829537,0.12,DROWSY
2025-05-28 14:29:48.882468,0.14,DROWSY
2025-05-28 14:29:48.953083,0.14,DROWSY
2025-05-28 14:29:49.038221,0.15,DROWSY
2025-05-28 14:29:49.093328,0.14,DROWSY
2025-05-28 14:29:49.201320,0.13,DROWSY
2025-05-28 14:29:49.307984,0.15,DROWSY
2025-05-28 14:29:49.403514,0.14,DROWSY
2025-05-28 14:29:49.533764,0.14,DROWSY
2025-05-28 14:29:49.580277,0.13,DROWSY
2025-05-28 14:29:49.637951,0.14,DROWSY
2025-05-28 14:29:49.704184,0.12,DROWSY
2025-05-28 14:29:49.824480,0.12,DROWSY
2025-05-28 14:29:49.899116,0.06,DROWSY
2025-05-28 14:29:49.980972,0.06,DROWSY
2025-05-28 14:29:50.036823,0.06,DROWSY
2025-05-28 14:29:50.125828,0.04,DROWSY
2025-05-28 14:29:50.183838,0.07,DROWSY
2025-05-28 14:29:50.252770,0.04,DROWSY
2025-05-28 14:29:50.302478,0.03,DROWSY
2025-05-28 14:29:50.397084,0.05,DROWSY
2025-05-28 14:29:50.487132,0.08,DROWSY
2025-05-28 14:29:50.564893,0.07,DROWSY
2025-05-28 14:29:50.607851,0.06,DROWSY
2025-05-28 14:29:50.680496,0.07,DROWSY
2025-05-28 14:29:50.721934,0.08,DROWSY
2025-05-28 14:29:50.768604,0.08,DROWSY
2025-05-28 14:29:50.837074,0.08,DROWSY
2025-05-28 14:29:50.900897,0.09,DROWSY
2025-05-28 14:29:50.985749,0.07,DROWSY
2025-05-28 14:29:51.041237,0.1,DROWSY
2025-05-28 14:29:51.091364,0.11,DROWSY
2025-05-28 14:29:51.157658,0.1,DROWSY
2025-05-28 14:29:51.225574,0.1,DROWSY
2025-05-28 14:29:51.296877,0.09,DROWSY
2025-05-28 14:29:51.373587,0.09,DROWSY
2025-05-28 14:29:51.522364,0.1,DROWSY
2025-05-28 14:29:51.614167,0.12,DROWSY
2025-05-28 14:29:51.685855,0.1,DROWSY
2025-05-28 14:29:51.748297,0.15,DROWSY
2025-05-28 14:29:51.789946,0.13,DROWSY
2025-05-28 14:29:51.864395,0.13,DROWSY
2025-05-28 14:29:51.922342,0.12,DROWSY
2025-05-28 14:29:51.997684,0.16,DROWSY
2025-05-28 14:29:52.066552,0.12,DROWSY
2025-05-28 14:29:52.132206,0.14,DROWSY
2025-05-28 14:29:52.204147,0.15,DROWSY
2025-05-28 18:14:53.693662,0.15,DROWSY
2025-05-28 18:14:53.729550,0.18,DROWSY
2025-05-28 18:14:53.777476,0.16,DROWSY
2025-05-28 18:14:53.835103,0.16,DROWSY
2025-05-28 18:14:53.880238,0.16,DROWSY
2025-05-28 18:14:53.930703,0.15,DROWSY
2025-05-28 18:14:53.992348,0.16,DROWSY
2025-05-28 18:14:54.039976,0.16,DROWSY
2025-05-28 18:14:54.110133,0.17,DROWSY
2025-05-28 18:14:54.160508,0.17,DROWSY
2025-05-28 18:14:54.221452,0.16,DROWSY
2025-05-28 18:14:54.264286,0.16,DROWSY
2025-05-28 18:14:54.310293,0.17,DROWSY
2025-05-28 18:14:54.354468,0.16,DROWSY
2025-05-28 18:14:54.396889,0.17,DROWSY
2025-05-28 18:14:54.444573,0.16,DROWSY
2025-05-28 18:14:54.498528,0.18,DROWSY
2025-05-28 18:14:54.543761,0.19,DROWSY
2025-05-28 18:14:54.605539,0.18,DROWSY
2025-05-28 18:14:54.656971,0.19,DROWSY
2025-05-28 18:14:54.709745,0.17,DROWSY
2025-05-28 18:14:54.763417,0.19,DROWSY
2025-05-28 18:14:54.843053,0.17,DROWSY
2025-05-28 18:14:55.008580,0.17,DROWSY
2025-05-28 18:14:55.152918,0.19,DROWSY
2025-05-28 18:14:55.225668,0.18,DROWSY
2025-05-28 18:14:55.297437,0.18,DROWSY
2025-05-28 18:14:55.356638,0.18,DROWSY
2025-05-28 18:14:55.410840,0.17,DROWSY
2025-05-28 18:14:55.457013,0.18,DROWSY
2025-05-28 18:14:55.506624,0.18,DROWSY
2025-05-28 18:14:55.547779,0.19,DROWSY
2025-05-28 18:14:55.611607,0.16,DROWSY
2025-05-28 18:14:55.659844,0.17,DROWSY
2025-05-28 18:14:55.709071,0.18,DROWSY
2025-05-28 18:14:55.756676,0.18,DROWSY
2025-05-28 18:14:55.803905,0.18,DROWSY
2025-05-28 18:14:55.853489,0.17,DROWSY
2025-05-28 18:14:55.919722,0.18,DROWSY
2025-05-28 18:14:55.963768,0.19,DROWSY
2025-05-28 18:14:56.011811,0.19,DROWSY
2025-05-28 18:14:56.056390,0.17,DROWSY
2025-05-28 18:14:56.124445,0.17,DROWSY
2025-05-28 18:14:56.174242,0.19,DROWSY
2025-05-28 18:14:56.224010,0.19,DROWSY
2025-05-28 18:14:56.270185,0.19,DROWSY
2025-05-28 18:14:58.332866,0.15,DROWSY
2025-05-28 18:14:58.374223,0.15,DROWSY
2025-05-28 18:14:58.421797,0.15,DROWSY
2025-05-28 18:14:58.475042,0.15,DROWSY
2025-05-28 18:14:58.518226,0.15,DROWSY
2025-05-28 18:14:58.559420,0.13,DROWSY
2025-05-28 18:14:58.621211,0.14,DROWSY
2025-05-28 18:14:58.667628,0.15,DROWSY
2025-05-28 18:14:58.716264,0.14,DROWSY
2025-05-28 18:14:58.758769,0.16,DROWSY
2025-05-28 18:14:58.813486,0.15,DROWSY
2025-05-28 18:14:58.855241,0.16,DROWSY
2025-05-28 18:14:58.906341,0.15,DROWSY
2025-05-28 18:14:58.960958,0.15,DROWSY
2025-05-28 18:14:59.020737,0.15,DROWSY
2025-05-28 18:14:59.070306,0.17,DROWSY
2025-05-28 18:14:59.123030,0.16,DROWSY
2025-05-28 18:14:59.176648,0.17,DROWSY
2025-05-28 18:14:59.239507,0.14,DROWSY
2025-05-28 18:14:59.306424,0.19,DROWSY
2025-05-28 18:14:59.369931,0.17,DROWSY
2025-05-28 18:14:59.460518,0.18,DROWSY
2025-05-28 18:14:59.556996,0.19,DROWSY
2025-05-28 18:14:59.643063,0.16,DROWSY
2025-05-28 18:14:59.708114,0.18,DROWSY
2025-05-28 18:14:59.760025,0.15,DROWSY
2025-05-28 18:14:59.820802,0.17,DROWSY
2025-05-28 18:14:59.873504,0.16,DROWSY
2025-05-28 18:14:59.925945,0.17,DROWSY
2025-05-28 18:14:59.982048,0.17,DROWSY
2025-05-28 18:15:00.068262,0.15,DROWSY
2025-05-28 18:15:00.142513,0.16,DROWSY
2025-05-28 18:15:00.219712,0.16,DROWSY
2025-05-28 18:15:00.275264,0.16,DROWSY
2025-05-28 18:15:00.330572,0.15,DROWSY
2025-05-28 18:15:00.387931,0.13,DROWSY
2025-05-28 18:15:00.447828,0.14,DROWSY
2025-05-28 18:15:00.510043,0.13,DROWSY
2025-05-28 18:15:00.574140,0.11,DROWSY
2025-05-28 18:15:00.640094,0.1,DROWSY
2025-05-28 18:15:00.700794,0.09,DROWSY
2025-05-28 18:15:00.742122,0.09,DROWSY
2025-05-28 18:15:00.796682,0.09,DROWSY
2025-05-28 18:15:00.850408,0.11,DROWSY
2025-05-28 18:15:00.901259,0.12,DROWSY
2025-05-28 18:15:00.955770,0.11,DROWSY
2025-05-28 18:15:01.020199,0.13,DROWSY
2025-05-28 18:15:01.073072,0.12,DROWSY
2025-05-28 18:15:01.151373,0.11,DROWSY
2025-05-28 18:15:01.216398,0.12,DROWSY
2025-05-28 18:15:01.261354,0.12,DROWSY
2025-05-28 18:15:01.306541,0.16,DROWSY
2025-05-28 18:15:01.349696,0.13,DROWSY
2025-05-28 18:15:01.402551,0.11,DROWSY
2025-05-28 18:15:01.440018,0.14,DROWSY
2025-05-28 18:15:01.485412,0.15,DROWSY
2025-05-28 18:15:01.531471,0.14,DROWSY
2025-05-28 18:15:01.574054,0.13,DROWSY
2025-05-28 18:15:01.623152,0.17,DROWSY
2025-05-28 18:15:01.683471,0.15,DROWSY
2025-05-28 18:15:01.726901,0.13,DROWSY
2025-05-28 18:15:01.771773,0.12,DROWSY
2025-05-28 18:15:01.815819,0.16,DROWSY
2025-05-28 18:15:01.857448,0.11,DROWSY
2025-05-28 18:15:01.910132,0.1,DROWSY
2025-05-28 18:15:01.963275,0.07,DROWSY
2025-05-28 18:15:02.050843,0.08,DROWSY
2025-05-28 18:15:02.114581,0.07,DROWSY
2025-05-28 18:15:02.170698,0.07,DROWSY
2025-05-28 18:15:02.218441,0.08,DROWSY
2025-05-28 18:15:02.263857,0.09,DROWSY
2025-05-28 18:15:02.314330,0.1,DROWSY
2025-05-28 18:15:02.367874,0.11,DROWSY
2025-05-28 18:15:02.412715,0.05,DROWSY
2025-05-28 18:15:02.454084,0.06,DROWSY
2025-05-28 18:15:02.517871,0.06,DROWSY
2025-05-28 18:15:02.566917,0.07,DROWSY
2025-05-28 18:15:02.633946,0.06,DROWSY
2025-05-28 18:15:02.689090,0.08,DROWSY
2025-05-28 18:15:02.753557,0.1,DROWSY
2025-05-28 18:15:02.821001,0.14,DROWSY
2025-05-28 18:15:14.705857,0.04,DROWSY
2025-05-28 18:15:14.737369,0.06,DROWSY
2025-05-28 18:15:14.777812,0.05,DROWSY
2025-05-28 18:15:14.819007,0.08,DROWSY
2025-05-28 18:15:14.857944,0.08,DROWSY
2025-05-28 18:15:14.896861,0.08,DROWSY
2025-05-28 18:15:14.941038,0.06,DROWSY
2025-05-28 18:15:14.994236,0.09,DROWSY
2025-05-28 18:15:15.036737,0.08,DROWSY
2025-05-28 18:15:15.091845,0.07,DROWSY
2025-05-28 18:15:15.142659,0.08,DROWSY
2025-05-28 18:15:15.204983,0.09,DROWSY
2025-05-28 18:15:15.249674,0.08,DROWSY
2025-05-28 18:15:15.306375,0.1,DROWSY
2025-05-28 18:15:15.366767,0.1,DROWSY
2025-05-28 18:15:15.410073,0.1,DROWSY
2025-05-28 18:15:15.450193,0.07,DROWSY
2025-05-28 18:15:15.496413,0.11,DROWSY
2025-05-28 18:15:15.544592,0.08,DROWSY
2025-05-28 18:15:15.605618,0.13,DROWSY
2025-05-28 18:15:15.655019,0.12,DROWSY
2025-05-28 18:15:15.701911,0.1,DROWSY
2025-05-28 18:15:15.741995,0.11,DROWSY
2025-05-28 18:15:15.806114,0.1,DROWSY
2025-05-28 18:15:15.849173,0.09,DROWSY
2025-05-28 18:15:15.893666,0.08,DROWSY
2025-05-28 18:15:15.940824,0.06,DROWSY
2025-05-28 18:15:15.989359,0.09,DROWSY
2025-05-28 18:15:16.032365,0.07,DROWSY
2025-05-28 18:15:16.086553,0.04,DROWSY
2025-05-28 18:15:16.135534,0.04,DROWSY
2025-05-28 18:15:16.191718,0.06,DROWSY
2025-05-28 18:15:16.236492,0.06,DROWSY
2025-05-28 18:15:16.294326,0.06,DROWSY
2025-05-28 18:15:16.346889,0.06,DROWSY
2025-05-28 18:15:16.391342,0.05,DROWSY
2025-05-28 18:15:16.433276,0.06,DROWSY
2025-05-28 18:15:16.484472,0.07,DROWSY
2025-05-28 18:15:16.527923,0.09,DROWSY
2025-05-28 18:15:16.591590,0.06,DROWSY
2025-05-28 18:15:16.634861,0.08,DROWSY
2025-05-28 18:15:16.682469,0.07,DROWSY
2025-05-28 18:15:16.732171,0.05,DROWSY
2025-05-28 18:15:16.773343,0.07,DROWSY
2025-05-28 18:15:16.816111,0.08,DROWSY
2025-05-28 18:15:16.856823,0.05,DROWSY
2025-05-28 18:15:16.900639,0.05,DROWSY
2025-05-28 18:15:16.940450,0.05,DROWSY
2025-05-28 18:15:16.991752,0.09,DROWSY
2025-05-28 18:15:17.137807,0.08,DROWSY
2025-05-28 18:15:17.188159,0.08,DROWSY
2025-05-28 18:15:17.231594,0.06,DROWSY
2025-05-28 18:15:17.283919,0.08,DROWSY
2025-05-28 18:15:17.330048,0.08,DROWSY
2025-05-28 18:15:17.375681,0.09,DROWSY
2025-05-28 18:15:17.425413,0.09,DROWSY
2025-05-28 18:15:17.467800,0.07,DROWSY
2025-05-28 18:15:17.508860,0.08,DROWSY
2025-05-28 18:15:17.547844,0.07,DROWSY
2025-05-28 18:15:17.606316,0.08,DROWSY
2025-05-28 18:15:17.666038,0.08,DROWSY
2025-05-28 18:15:17.716268,0.1,DROWSY
2025-05-28 18:15:17.757844,0.07,DROWSY
2025-05-28 18:15:17.804068,0.08,DROWSY
2025-05-28 18:15:17.842278,0.11,DROWSY
2025-05-28 18:15:17.889362,0.12,DROWSY
2025-05-28 18:15:17.930877,0.12,DROWSY
2025-05-28 18:15:17.980253,0.12,DROWSY
2025-05-28 18:15:18.023197,0.1,DROWSY
2025-05-28 18:15:18.064209,0.1,DROWSY
2025-05-28 18:15:18.123360,0.11,DROWSY
2025-05-28 18:15:18.173925,0.11,DROWSY
2025-05-28 18:15:18.220811,0.11,DROWSY
2025-05-28 18:15:18.264883,0.09,DROWSY
2025-05-28 18:15:18.307097,0.13,DROWSY
2025-05-28 18:15:18.346282,0.1,DROWSY
2025-05-28 18:15:18.404587,0.12,DROWSY
2025-05-28 18:15:18.441297,0.12,DROWSY
2025-05-28 18:15:18.485995,0.12,DROWSY
2025-05-28 18:15:18.526482,0.11,DROWSY
2025-05-28 18:15:18.570407,0.1,DROWSY
2025-05-28 18:15:18.615673,0.13,DROWSY
2025-05-28 18:15:18.669263,0.1,DROWSY
2025-05-28 18:15:18.731134,0.1,DROWSY
2025-05-28 18:15:18.772507,0.13,DROWSY
2025-05-28 18:15:18.817778,0.11,DROWSY
2025-05-28 18:15:18.852696,0.1,DROWSY
2025-05-28 18:15:18.899240,0.1,DROWSY
2025-05-28 18:15:18.938929,0.1,DROWSY
2025-05-28 18:15:18.986664,0.1,DROWSY
2025-05-28 18:15:19.035490,0.12,DROWSY
2025-05-28 18:15:19.080131,0.09,DROWSY
2025-05-28 18:15:19.128746,0.09,DROWSY
2025-05-28 18:15:19.185150,0.09,DROWSY
2025-05-28 18:15:19.240883,0.08,DROWSY
2025-05-28 18:15:19.289467,0.05,DROWSY
2025-05-28 18:15:19.332874,0.06,DROWSY
2025-05-28 18:15:19.381959,0.07,DROWSY
2025-05-28 18:15:19.429067,0.05,DROWSY
2025-05-28 18:15:19.471340,0.07,DROWSY
2025-05-28 18:15:19.512910,0.08,DROWSY
2025-05-28 18:15:19.552859,0.08,DROWSY
2025-05-28 18:15:19.607102,0.1,DROWSY
2025-05-28 18:15:19.646041,0.08,DROWSY
2025-05-28 18:15:19.688870,0.09,DROWSY
2025-05-28 18:15:19.734221,0.11,DROWSY
2025-05-28 18:15:19.775221,0.12,DROWSY
2025-05-28 18:15:19.824614,0.14,DROWSY
2025-05-28 18:15:19.867807,0.15,DROWSY
2025-05-28 18:15:19.914450,0.17,DROWSY
2025-05-28 18:15:19.951932,0.16,DROWSY
2025-05-28 18:15:19.995051,0.08,DROWSY
2025-05-28 18:15:20.034437,0.09,DROWSY
2025-05-28 18:15:20.086812,0.11,DROWSY
2025-05-28 18:15:20.141083,0.1,DROWSY
2025-05-28 18:15:20.195355,0.11,DROWSY
2025-05-28 18:15:20.239845,0.1,DROWSY
2025-05-28 18:15:20.283004,0.1,DROWSY
2025-05-28 18:15:20.335552,0.1,DROWSY
2025-05-28 18:15:20.385223,0.09,DROWSY
2025-05-28 18:15:20.423303,0.15,DROWSY
2025-05-28 18:15:20.457459,0.13,DROWSY
2025-05-28 18:15:20.506850,0.17,DROWSY
2025-05-28 18:15:20.551853,0.19,DROWSY
2025-05-28 18:15:27.500895,0.12,DROWSY
2025-05-28 18:15:27.529804,0.12,DROWSY
2025-05-28 18:15:27.567129,0.11,DROWSY
2025-05-28 18:15:27.628526,0.14,DROWSY
2025-05-28 18:15:27.678069,0.13,DROWSY
2025-05-28 18:15:27.726630,0.13,DROWSY
2025-05-28 18:15:27.779681,0.14,DROWSY
2025-05-28 18:15:27.824626,0.14,DROWSY
2025-05-28 18:15:27.874818,0.11,DROWSY
2025-05-28 18:15:27.915180,0.12,DROWSY
2025-05-28 18:15:27.953089,0.12,DROWSY
2025-05-28 18:15:28.000379,0.11,DROWSY
2025-05-28 18:15:28.054891,0.13,DROWSY
2025-05-28 18:15:28.112320,0.12,DROWSY
2025-05-28 18:15:28.170027,0.11,DROWSY
2025-05-28 18:15:28.219974,0.11,DROWSY
2025-05-28 18:15:28.260101,0.13,DROWSY
2025-05-28 18:15:28.309351,0.12,DROWSY
2025-05-28 18:15:28.350315,0.1,DROWSY
2025-05-28 18:15:28.393735,0.13,DROWSY
2025-05-28 18:15:28.436426,0.13,DROWSY
2025-05-28 18:15:28.481855,0.11,DROWSY
2025-05-28 18:15:28.522942,0.13,DROWSY
2025-05-28 18:15:28.581787,0.11,DROWSY
2025-05-28 18:15:28.639509,0.1,DROWSY
2025-05-28 18:15:28.691967,0.1,DROWSY
2025-05-28 18:15:28.732597,0.14,DROWSY
2025-05-28 18:15:28.780117,0.14,DROWSY
2025-05-28 18:15:28.822131,0.13,DROWSY
2025-05-28 18:15:28.864114,0.13,DROWSY
2025-05-28 18:15:28.903723,0.11,DROWSY
2025-05-28 18:15:28.946802,0.13,DROWSY
2025-05-28 18:15:28.996500,0.1,DROWSY
2025-05-28 18:15:29.037952,0.12,DROWSY
2025-05-28 18:15:29.091586,0.1,DROWSY
2025-05-28 18:15:29.137917,0.11,DROWSY
2025-05-28 18:15:29.185372,0.12,DROWSY
2025-05-28 18:15:29.237784,0.1,DROWSY
2025-05-28 18:15:29.292436,0.1,DROWSY
2025-05-28 18:15:29.334920,0.12,DROWSY
2025-05-28 18:15:29.375340,0.14,DROWSY
2025-05-28 18:15:29.416873,0.1,DROWSY
2025-05-28 18:15:29.456463,0.12,DROWSY
2025-05-28 18:15:29.516031,0.13,DROWSY
2025-05-28 18:15:29.553203,0.1,DROWSY
2025-05-28 18:15:29.606753,0.13,DROWSY
2025-05-28 18:15:29.650865,0.11,DROWSY
2025-05-28 18:15:29.698098,0.11,DROWSY
2025-05-28 18:15:29.735803,0.11,DROWSY
2025-05-28 18:15:29.778067,0.1,DROWSY
2025-05-28 18:15:29.823902,0.1,DROWSY
2025-05-28 18:15:29.865543,0.12,DROWSY
2025-05-28 18:15:29.908371,0.1,DROWSY
2025-05-28 18:15:29.954243,0.12,DROWSY
2025-05-28 18:15:29.996644,0.11,DROWSY
2025-05-28 18:15:30.126666,0.11,DROWSY
2025-05-28 18:15:30.173681,0.08,DROWSY
2025-05-28 18:15:30.230679,0.06,DROWSY
2025-05-28 18:15:30.286719,0.07,DROWSY
2025-05-28 18:15:30.328302,0.09,DROWSY
2025-05-28 18:15:30.369284,0.09,DROWSY
2025-05-28 18:15:30.411587,0.09,DROWSY
2025-05-28 18:15:30.449858,0.1,DROWSY
2025-05-28 18:15:30.496586,0.1,DROWSY
2025-05-28 18:15:30.552809,0.12,DROWSY
2025-05-28 18:15:30.638403,0.11,DROWSY
2025-05-28 18:15:30.686387,0.11,DROWSY
2025-05-28 18:15:30.729263,0.11,DROWSY
2025-05-28 18:15:30.774308,0.11,DROWSY
2025-05-28 18:15:30.828804,0.12,DROWSY
2025-05-28 18:15:30.877117,0.1,DROWSY
2025-05-28 18:15:30.923962,0.1,DROWSY
2025-05-28 18:15:30.968542,0.11,DROWSY
2025-05-28 18:15:31.019974,0.11,DROWSY
2025-05-28 18:15:31.062448,0.1,DROWSY
2025-05-28 18:15:31.135427,0.12,DROWSY
2025-05-28 18:15:31.198935,0.15,DROWSY
2025-05-28 18:15:31.239322,0.14,DROWSY
2025-05-28 18:15:31.287957,0.14,DROWSY
2025-05-28 18:15:31.343786,0.15,DROWSY
2025-05-28 18:15:31.390136,0.17,DROWSY
2025-05-28 18:15:31.427936,0.15,DROWSY
2025-05-28 18:15:31.477844,0.16,DROWSY
2025-05-28 18:15:31.522691,0.14,DROWSY
2025-05-28 18:15:31.568558,0.13,DROWSY
2025-05-28 18:15:31.622848,0.15,DROWSY
2025-05-28 18:15:31.669074,0.15,DROWSY
2025-05-28 18:15:31.712138,0.15,DROWSY
2025-05-28 18:15:31.756274,0.13,DROWSY
2025-05-28 18:15:31.809387,0.15,DROWSY
2025-05-28 18:15:31.852390,0.15,DROWSY
2025-05-28 18:15:31.906215,0.16,DROWSY
2025-05-28 18:15:31.963120,0.16,DROWSY
2025-05-28 18:15:32.024783,0.19,DROWSY
2025-05-28 18:15:32.073178,0.17,DROWSY
2025-05-28 18:15:32.122863,0.15,DROWSY
2025-05-28 18:15:32.173383,0.17,DROWSY
2025-05-28 18:15:32.223039,0.18,DROWSY
2025-05-28 18:15:32.275443,0.18,DROWSY
2025-05-28 18:15:32.328838,0.17,DROWSY
2025-05-28 18:15:32.474915,0.17,DROWSY
2025-05-28 18:15:32.528485,0.18,DROWSY
2025-05-28 18:15:32.607868,0.17,DROWSY
2025-05-28 18:15:32.659344,0.17,DROWSY
2025-05-28 18:15:32.722910,0.18,DROWSY
2025-05-28 18:15:32.776718,0.17,DROWSY
2025-05-28 18:15:32.833797,0.16,DROWSY
2025-05-28 18:15:32.891762,0.18,DROWSY
2025-05-28 18:15:32.943277,0.19,DROWSY
2025-05-28 18:15:33.035282,0.15,DROWSY
2025-05-28 18:15:33.102978,0.17,DROWSY
2025-05-28 18:15:33.184069,0.17,DROWSY
2025-05-28 18:15:33.256052,0.17,DROWSY
2025-05-28 18:15:33.304869,0.18,DROWSY
2025-05-28 18:15:33.353737,0.17,DROWSY
2025-05-28 18:15:33.406169,0.17,DROWSY
2025-05-28 18:15:33.450932,0.17,DROWSY
2025-05-28 18:15:33.495385,0.18,DROWSY
2025-05-28 18:15:33.544165,0.16,DROWSY
2025-05-28 18:15:33.622047,0.17,DROWSY
2025-05-28 18:15:33.691270,0.14,DROWSY
2025-05-28 18:15:33.732741,0.16,DROWSY
2025-05-28 18:15:33.774147,0.15,DROWSY
2025-05-28 18:15:33.812704,0.13,DROWSY
2025-05-28 18:15:33.870826,0.15,DROWSY
2025-05-28 18:15:33.923064,0.15,DROWSY
2025-05-28 18:15:33.962933,0.14,DROWSY
2025-05-28 18:15:34.015755,0.15,DROWSY
2025-05-28 18:15:34.057753,0.14,DROWSY
2025-05-28 18:15:34.139488,0.13,DROWSY
2025-05-28 18:15:34.183774,0.13,DROWSY
2025-05-28 18:15:34.237782,0.12,DROWSY
2025-05-28 18:15:34.281879,0.13,DROWSY
2025-05-28 18:15:34.325022,0.14,DROWSY
2025-05-28 18:15:34.372781,0.13,DROWSY
2025-05-28 18:15:34.421154,0.12,DROWSY
2025-05-28 18:15:34.459850,0.12,DROWSY
2025-05-28 18:15:34.519438,0.13,DROWSY
2025-05-28 18:15:34.559453,0.14,DROWSY
2025-05-28 18:15:34.620352,0.14,DROWSY
2025-05-28 18:15:34.669238,0.15,DROWSY
2025-05-28 18:15:34.719983,0.12,DROWSY
2025-05-28 18:15:34.760234,0.13,DROWSY
2025-05-28 18:15:34.810088,0.13,DROWSY
2025-05-28 18:15:34.856229,0.13,DROWSY
2025-05-28 18:15:34.903531,0.12,DROWSY
2025-05-28 18:15:34.942242,0.11,DROWSY
2025-05-28 18:15:34.989480,0.15,DROWSY
2025-05-28 18:15:35.036365,0.15,DROWSY
2025-05-28 18:15:35.103293,0.13,DROWSY
2025-05-28 18:15:35.154353,0.12,DROWSY
2025-05-28 18:15:35.205887,0.13,DROWSY
2025-05-28 18:15:35.251332,0.13,DROWSY
2025-05-28 18:15:35.298379,0.11,DROWSY
2025-05-28 18:15:35.339796,0.14,DROWSY
2025-05-28 18:15:35.397939,0.14,DROWSY
2025-05-28 18:15:35.439722,0.14,DROWSY
2025-05-28 18:15:35.485804,0.12,DROWSY
2025-05-28 18:15:35.535055,0.14,DROWSY
2025-05-28 18:15:35.621600,0.13,DROWSY
2025-05-28 18:15:35.672433,0.12,DROWSY
2025-05-28 18:15:35.722431,0.14,DROWSY
2025-05-28 18:15:35.768448,0.15,DROWSY
2025-05-28 18:15:35.820273,0.13,DROWSY
2025-05-28 18:15:35.869056,0.14,DROWSY
2025-05-28 18:15:35.920481,0.12,DROWSY
2025-05-28 18:15:35.961042,0.13,DROWSY
2025-05-28 18:15:36.017888,0.13,DROWSY
2025-05-28 18:15:36.060704,0.13,DROWSY
2025-05-28 18:15:36.135319,0.13,DROWSY
2025-05-28 18:15:36.183242,0.12,DROWSY
2025-05-28 18:15:36.235900,0.11,DROWSY
2025-05-28 18:15:36.282219,0.12,DROWSY
2025-05-28 18:15:36.330908,0.11,DROWSY
2025-05-28 18:15:36.381642,0.1,DROWSY
2025-05-28 18:15:36.421815,0.11,DROWSY
2025-05-28 18:15:36.464108,0.12,DROWSY
2025-05-28 18:15:36.508252,0.12,DROWSY
2025-05-28 18:15:36.543613,0.12,DROWSY
2025-05-28 18:15:36.604494,0.14,DROWSY
2025-05-28 18:15:36.667611,0.15,DROWSY
2025-05-28 18:15:36.724980,0.17,DROWSY
2025-05-28 18:15:36.770428,0.17,DROWSY
2025-05-28 18:15:36.979431,0.15,DROWSY
2025-05-28 18:15:37.035155,0.18,DROWSY
2025-05-28 18:15:37.095827,0.17,DROWSY
2025-05-28 18:15:37.139445,0.13,DROWSY
2025-05-28 18:15:37.188567,0.14,DROWSY
2025-05-28 18:15:37.235622,0.15,DROWSY
2025-05-28 18:15:37.285789,0.15,DROWSY
2025-05-28 18:15:37.329599,0.15,DROWSY
2025-05-28 18:15:37.373492,0.12,DROWSY
2025-05-28 18:15:37.419787,0.14,DROWSY
2025-05-28 18:15:37.468367,0.14,DROWSY
2025-05-28 18:15:37.522155,0.14,DROWSY
2025-05-28 18:15:37.588047,0.14,DROWSY
2025-05-28 18:15:37.638693,0.14,DROWSY
2025-05-28 18:15:37.702511,0.15,DROWSY
2025-05-28 18:15:37.741062,0.15,DROWSY
2025-05-28 18:15:37.791913,0.16,DROWSY
2025-05-28 18:15:37.835991,0.14,DROWSY
2025-05-28 18:15:37.882051,0.14,DROWSY
2025-05-28 18:15:37.923882,0.14,DROWSY
2025-05-28 18:15:37.967934,0.18,DROWSY
2025-05-28 18:18:49.983972,0.17,DROWSY
2025-05-28 18:18:50.117492,0.17,DROWSY
2025-05-28 18:18:50.176179,0.19,DROWSY
2025-05-28 18:18:50.228037,0.19,DROWSY
2025-05-28 18:18:53.932840,0.13,DROWSY
2025-05-28 18:18:53.980892,0.12,DROWSY
2025-05-28 18:18:54.037384,0.11,DROWSY
2025-05-28 18:18:54.092270,0.15,DROWSY
2025-05-28 18:18:54.150481,0.11,DROWSY
2025-05-28 18:18:54.214221,0.1,DROWSY
2025-05-28 18:18:54.274114,0.11,DROWSY
2025-05-28 18:18:54.335283,0.12,DROWSY
2025-05-28 18:18:54.383335,0.1,DROWSY
2025-05-28 18:18:54.428622,0.1,DROWSY
2025-05-28 18:18:54.478650,0.1,DROWSY
2025-05-28 18:18:54.534591,0.1,DROWSY
2025-05-28 18:18:54.600490,0.1,DROWSY
2025-05-28 18:18:54.647242,0.1,DROWSY
2025-05-28 18:18:54.688401,0.12,DROWSY
2025-05-28 18:18:54.737069,0.11,DROWSY
2025-05-28 18:18:54.785481,0.12,DROWSY
2025-05-28 18:18:54.830709,0.11,DROWSY
2025-05-28 18:18:54.884927,0.1,DROWSY
2025-05-28 18:18:54.940534,0.1,DROWSY
2025-05-28 18:18:55.003360,0.11,DROWSY
2025-05-28 18:18:55.065199,0.1,DROWSY
2025-05-28 18:18:55.168755,0.14,DROWSY
2025-05-28 18:18:55.221551,0.14,DROWSY
2025-05-28 18:18:55.285458,0.13,DROWSY
2025-05-28 18:18:55.344994,0.14,DROWSY
2025-05-28 18:18:55.388188,0.15,DROWSY
2025-05-28 18:18:55.442575,0.11,DROWSY
2025-05-28 18:18:55.486991,0.15,DROWSY
2025-05-28 18:18:55.544033,0.1,DROWSY
2025-05-28 18:18:55.603209,0.13,DROWSY
2025-05-28 18:18:55.662394,0.13,DROWSY
2025-05-28 18:18:55.734033,0.15,DROWSY
2025-05-28 18:18:55.783568,0.13,DROWSY
2025-05-28 18:18:55.827985,0.13,DROWSY
2025-05-28 18:18:55.880945,0.15,DROWSY
2025-05-28 18:18:55.927343,0.14,DROWSY
2025-05-28 18:18:55.967472,0.14,DROWSY
2025-05-28 18:18:56.034256,0.14,DROWSY
2025-05-28 18:18:56.102108,0.14,DROWSY
2025-05-28 18:18:56.154965,0.15,DROWSY
2025-05-28 18:18:56.230820,0.16,DROWSY
2025-05-28 18:18:56.284270,0.15,DROWSY
2025-05-28 18:18:56.340058,0.16,DROWSY
2025-05-28 18:18:56.389120,0.15,DROWSY
2025-05-28 18:18:56.440550,0.16,DROWSY
2025-05-28 18:18:56.498802,0.14,DROWSY
2025-05-28 18:18:56.548544,0.17,DROWSY
2025-05-28 18:18:56.622875,0.17,DROWSY
2025-05-28 18:18:56.681622,0.17,DROWSY
2025-05-28 18:18:56.731646,0.13,DROWSY
2025-05-28 18:18:56.785584,0.15,DROWSY
2025-05-28 18:18:56.827058,0.16,DROWSY
2025-05-28 18:18:56.881687,0.18,DROWSY
2025-05-28 18:18:56.932280,0.18,DROWSY
2025-05-28 18:18:56.985805,0.14,DROWSY
2025-05-28 18:18:57.048050,0.17,DROWSY
2025-05-28 18:19:11.630020,0.11,DROWSY
2025-05-28 18:19:11.682003,0.12,DROWSY
2025-05-28 18:19:11.734398,0.12,DROWSY
2025-05-28 18:19:11.774519,0.13,DROWSY
2025-05-28 18:19:11.818520,0.12,DROWSY
2025-05-28 18:19:11.858147,0.13,DROWSY
2025-05-28 18:19:11.907725,0.12,DROWSY
2025-05-28 18:19:11.963854,0.11,DROWSY
2025-05-28 18:19:12.035730,0.09,DROWSY
2025-05-28 18:19:12.097305,0.14,DROWSY
2025-05-28 18:19:12.157023,0.1,DROWSY
2025-05-28 18:19:12.228304,0.11,DROWSY
2025-05-28 18:19:12.295653,0.12,DROWSY
2025-05-28 18:19:12.341907,0.1,DROWSY
2025-05-28 18:19:12.384547,0.1,DROWSY
2025-05-28 18:19:12.424798,0.09,DROWSY
2025-05-28 18:19:12.483528,0.1,DROWSY
2025-05-28 18:19:12.534974,0.1,DROWSY
2025-05-28 18:19:12.588267,0.09,DROWSY
2025-05-28 18:19:12.649345,0.15,DROWSY
2025-05-28 18:19:12.713833,0.17,DROWSY
2025-05-28 18:19:12.767393,0.18,DROWSY
2025-05-28 18:19:12.810019,0.18,DROWSY
2025-05-28 18:19:12.856998,0.15,DROWSY
2025-05-28 18:19:23.725618,0.14,DROWSY
2025-05-28 18:19:23.788234,0.06,DROWSY
2025-05-28 18:19:23.830523,0.11,DROWSY
2025-05-28 18:19:23.895970,0.1,DROWSY
2025-05-28 18:19:23.952972,0.13,DROWSY
2025-05-28 18:19:24.025855,0.14,DROWSY
2025-05-28 18:19:24.061729,0.1,DROWSY
2025-05-28 18:19:24.143812,0.12,DROWSY
2025-05-28 18:19:24.222368,0.12,DROWSY
2025-05-28 18:19:24.327345,0.1,DROWSY
2025-05-28 18:19:24.379111,0.15,DROWSY
2025-05-28 18:19:24.422083,0.16,DROWSY
2025-05-28 18:19:24.475525,0.15,DROWSY
2025-05-28 18:19:24.534386,0.14,DROWSY
2025-05-28 18:19:24.593243,0.16,DROWSY
2025-05-28 18:19:24.686727,0.14,DROWSY
2025-05-28 18:19:24.739236,0.16,DROWSY
2025-05-29 23:13:54.856651,0.17,DROWSY
2025-05-29 23:13:54.931032,0.19,DROWSY
2025-05-29 23:13:55.010158,0.19,DROWSY
2025-05-29 23:13:55.073397,0.16,DROWSY
2025-05-29 23:13:55.126984,0.15,DROWSY
2025-05-29 23:13:55.174816,0.14,DROWSY
2025-05-29 23:13:55.252868,0.15,DROWSY
2025-05-29 23:13:55.309700,0.16,DROWSY
2025-05-29 23:13:55.368816,0.17,DROWSY
2025-05-29 23:13:55.425796,0.19,DROWSY
2025-05-29 23:13:55.463648,0.19,DROWSY
2025-05-29 23:35:09.999361,0.18,DROWSY
2025-05-29 23:35:10.046142,0.19,DROWSY
2025-05-29 23:35:10.166108,0.17,DROWSY
2025-05-29 23:35:10.211762,0.18,DROWSY
2025-05-29 23:35:10.264470,0.18,DROWSY
2025-05-29 23:35:10.366969,0.18,DROWSY
2025-05-29 23:35:10.431846,0.19,DROWSY
2025-05-29 23:35:10.472303,0.18,DROWSY
2025-05-29 23:35:10.567951,0.17,DROWSY
2025-05-29 23:35:10.620695,0.19,DROWSY
2025-05-29 23:35:10.665892,0.19,DROWSY
2025-05-29 23:35:10.754008,0.19,DROWSY
2025-05-29 23:35:20.326246,0.12,DROWSY
2025-05-29 23:35:20.380031,0.12,DROWSY
2025-05-29 23:35:20.422593,0.12,DROWSY
2025-05-29 23:35:20.466583,0.13,DROWSY
2025-05-29 23:35:20.545679,0.14,DROWSY
2025-05-29 23:35:20.615094,0.12,DROWSY
2025-05-29 23:35:20.677941,0.14,DROWSY
2025-05-29 23:35:20.750416,0.12,DROWSY
2025-05-29 23:35:20.818247,0.12,DROWSY
2025-05-29 23:35:20.876816,0.11,DROWSY
2025-05-29 23:35:20.959595,0.13,DROWSY
2025-05-29 23:35:21.045767,0.14,DROWSY
2025-05-29 23:35:21.124809,0.14,DROWSY
2025-05-29 23:35:21.181157,0.14,DROWSY
2025-05-29 23:35:21.233739,0.11,DROWSY
2025-05-29 23:35:21.303341,0.12,DROWSY
2025-05-29 23:35:21.357705,0.14,DROWSY
2025-05-29 23:35:21.415339,0.14,DROWSY
2025-05-29 23:35:21.476934,0.13,DROWSY
2025-05-29 23:35:21.546939,0.15,DROWSY
2025-05-29 23:35:21.638600,0.16,DROWSY
2025-05-29 23:35:21.745209,0.1,DROWSY
2025-05-29 23:35:21.798320,0.15,DROWSY
2025-05-29 23:35:21.844503,0.15,DROWSY
2025-05-29 23:35:21.895580,0.16,DROWSY
2025-05-29 23:35:21.940783,0.18,DROWSY
2025-05-29 23:35:21.983313,0.18,DROWSY
2025-05-29 23:35:22.036937,0.18,DROWSY
2025-05-29 23:35:22.116866,0.16,DROWSY
2025-05-29 23:35:22.166048,0.17,DROWSY
2025-05-29 23:35:22.207778,0.17,DROWSY
2025-05-29 23:35:22.254418,0.15,DROWSY
2025-05-29 23:35:22.308908,0.14,DROWSY
2025-05-29 23:35:22.372523,0.17,DROWSY
2025-05-29 23:35:29.296252,0.17,DROWSY
2025-05-29 23:35:29.339672,0.16,DROWSY
2025-05-29 23:35:29.378387,0.13,DROWSY
2025-05-29 23:35:29.436818,0.14,DROWSY
2025-05-29 23:35:29.494719,0.16,DROWSY
2025-05-29 23:35:29.546107,0.15,DROWSY
2025-05-29 23:35:29.616800,0.16,DROWSY
2025-05-29 23:35:29.662334,0.13,DROWSY
2025-05-29 23:35:29.778089,0.16,DROWSY
2025-05-29 23:35:29.828736,0.15,DROWSY
2025-05-29 23:35:29.872434,0.15,DROWSY
2025-05-29 23:35:29.938504,0.12,DROWSY
2025-05-29 23:35:29.997513,0.14,DROWSY
2025-05-29 23:35:30.043555,0.18,DROWSY
2025-05-29 23:35:30.178088,0.11,DROWSY
2025-05-29 23:35:30.233826,0.12,DROWSY
2025-05-29 23:35:30.294468,0.14,DROWSY
2025-05-29 23:35:30.366034,0.17,DROWSY
2025-05-29 23:35:30.433300,0.17,DROWSY
2025-05-29 23:35:30.494528,0.16,DROWSY
2025-05-29 23:35:30.569257,0.17,DROWSY
2025-05-29 23:35:30.628110,0.15,DROWSY
2025-05-29 23:35:33.428738,0.16,DROWSY
2025-05-29 23:35:33.494793,0.15,DROWSY
2025-05-29 23:35:33.541165,0.15,DROWSY
2025-05-29 23:35:33.590458,0.16,DROWSY
2025-05-29 23:35:33.633658,0.16,DROWSY
2025-05-29 23:35:33.681376,0.18,DROWSY
2025-05-29 23:35:33.744594,0.19,DROWSY
2025-05-29 23:35:33.790427,0.15,DROWSY
2025-05-29 23:35:33.857914,0.13,DROWSY
2025-05-29 23:35:33.917596,0.13,DROWSY
2025-05-29 23:35:33.962328,0.14,DROWSY
2025-05-29 23:35:34.034766,0.14,DROWSY
2025-05-29 23:35:34.093691,0.14,DROWSY
2025-05-29 23:35:34.141039,0.13,DROWSY
2025-05-29 23:35:34.194039,0.15,DROWSY
2025-05-29 23:35:34.242252,0.15,DROWSY
2025-05-29 23:35:34.285631,0.14,DROWSY
2025-05-29 23:35:34.353655,0.14,DROWSY
2025-05-29 23:35:34.409203,0.15,DROWSY
2025-05-29 23:35:34.458537,0.15,DROWSY
2025-05-29 23:35:34.553495,0.13,DROWSY
2025-05-29 23:35:34.618615,0.14,DROWSY
2025-05-29 23:35:34.665648,0.18,DROWSY
2025-05-29 23:35:34.739850,0.13,DROWSY
2025-05-29 23:35:34.785864,0.14,DROWSY
2025-05-29 23:35:34.834590,0.14,DROWSY
2025-05-29 23:35:34.874371,0.17,DROWSY
2025-05-29 23:35:34.938486,0.16,DROWSY
2025-05-29 23:35:34.990173,0.15,DROWSY
2025-05-29 23:35:35.061220,0.14,DROWSY
2025-05-29 23:35:35.127198,0.15,DROWSY
2025-05-29 23:35:35.171841,0.16,DROWSY
2025-05-29 23:35:35.246993,0.14,DROWSY
2025-05-29 23:35:35.306544,0.16,DROWSY
2025-05-29 23:35:35.360228,0.17,DROWSY
2025-05-29 23:35:35.408321,0.15,DROWSY
2025-05-29 23:35:35.449864,0.12,DROWSY
2025-05-29 23:35:35.519510,0.12,DROWSY
2025-05-29 23:35:35.564950,0.15,DROWSY
2025-05-29 23:35:35.627720,0.15,DROWSY
2025-05-29 23:35:35.674509,0.14,DROWSY
2025-05-29 23:35:35.748994,0.2,DROWSY
2025-05-29 23:35:35.809221,0.17,DROWSY
2025-05-29 23:35:35.854580,0.15,DROWSY
2025-05-29 23:35:35.948489,0.14,DROWSY
2025-05-29 23:35:36.080263,0.16,DROWSY
2025-05-29 23:35:36.146551,0.17,DROWSY
2025-05-29 23:35:36.212797,0.14,DROWSY
2025-05-29 23:35:36.292851,0.15,DROWSY
2025-05-29 23:35:36.340115,0.12,DROWSY
2025-05-29 23:35:36.386925,0.17,DROWSY
2025-05-29 23:35:36.435227,0.18,DROWSY
2025-05-29 23:35:36.491107,0.16,DROWSY
2025-05-29 23:35:36.565298,0.14,DROWSY
2025-05-29 23:35:36.629964,0.14,DROWSY
2025-05-29 23:35:36.681468,0.16,DROWSY
2025-05-29 23:35:36.743963,0.12,DROWSY
2025-05-29 23:35:36.845197,0.13,DROWSY
2025-05-29 23:35:36.905409,0.18,DROWSY
2025-05-29 23:35:36.947376,0.16,DROWSY
2025-05-29 23:35:37.006322,0.15,DROWSY
2025-05-29 23:35:37.067245,0.15,DROWSY
2025-05-29 23:35:43.969175,0.14,DROWSY
2025-05-29 23:35:44.032902,0.14,DROWSY
2025-05-29 23:35:44.162520,0.14,DROWSY
2025-05-29 23:35:44.231011,0.13,DROWSY
2025-05-29 23:35:44.280556,0.12,DROWSY
2025-05-29 23:35:44.350991,0.15,DROWSY
2025-05-29 23:35:44.396882,0.13,DROWSY
2025-05-29 23:35:44.441429,0.14,DROWSY
2025-05-29 23:35:44.556447,0.13,DROWSY
2025-05-29 23:35:44.616518,0.14,DROWSY
2025-05-29 23:35:44.681527,0.14,DROWSY
2025-05-29 23:35:44.742021,0.14,DROWSY
2025-05-29 23:35:44.800063,0.14,DROWSY
2025-05-29 23:35:44.852506,0.17,DROWSY
2025-05-29 23:35:44.968545,0.14,DROWSY
2025-05-29 23:35:45.015370,0.15,DROWSY
2025-05-29 23:35:45.090092,0.16,DROWSY
2025-05-29 23:35:45.148884,0.13,DROWSY
2025-05-29 23:35:45.197132,0.14,DROWSY
2025-05-29 23:35:45.241412,0.12,DROWSY
2025-05-29 23:35:45.367106,0.14,DROWSY
2025-05-29 23:35:45.414169,0.14,DROWSY
2025-05-29 23:35:45.469900,0.16,DROWSY
2025-05-29 23:35:45.555843,0.15,DROWSY
2025-05-29 23:35:45.738569,0.14,DROWSY
2025-05-29 23:35:45.788799,0.15,DROWSY
2025-05-29 23:35:45.852696,0.14,DROWSY
2025-05-29 23:35:45.897183,0.14,DROWSY
2025-05-29 23:35:45.939804,0.14,DROWSY
2025-05-29 23:35:45.992310,0.15,DROWSY
2025-05-29 23:35:46.134428,0.14,DROWSY
2025-05-29 23:35:46.194075,0.16,DROWSY
2025-05-29 23:35:46.239792,0.12,DROWSY
2025-05-29 23:35:46.289511,0.15,DROWSY
2025-05-29 23:35:46.332613,0.14,DROWSY
2025-05-29 23:35:46.402105,0.11,DROWSY
2025-05-29 23:35:46.465630,0.13,DROWSY
2025-05-29 23:35:46.505002,0.14,DROWSY
2025-05-29 23:35:46.552266,0.2,DROWSY
2025-05-29 23:35:46.607652,0.2,DROWSY
2025-05-29 23:35:46.666784,0.19,DROWSY
2025-05-29 23:35:46.737922,0.15,DROWSY
2025-05-29 23:35:46.787502,0.15,DROWSY
2025-05-29 23:35:46.837841,0.15,DROWSY
2025-05-29 23:35:46.898536,0.17,DROWSY
2025-05-29 23:35:46.947931,0.16,DROWSY
2025-05-29 23:35:47.017907,0.16,DROWSY
2025-05-29 23:35:47.085491,0.14,DROWSY
2025-05-29 23:35:47.131909,0.14,DROWSY
2025-05-29 23:35:47.179984,0.14,DROWSY
2025-05-29 23:35:47.268409,0.16,DROWSY
2025-05-29 23:35:47.318577,0.15,DROWSY
2025-05-29 23:35:47.369863,0.16,DROWSY
2025-05-29 23:35:47.466178,0.16,DROWSY
2025-05-29 23:35:47.511172,0.17,DROWSY
2025-05-29 23:35:47.561932,0.13,DROWSY
2025-05-29 23:35:47.649511,0.14,DROWSY
2025-05-29 23:35:47.731206,0.15,DROWSY
2025-05-29 23:35:47.780390,0.15,DROWSY
2025-05-30 00:07:03.220245,0.18,DROWSY
2025-05-30 00:07:16.735167,0.11,DROWSY
2025-05-30 00:07:16.795927,0.11,DROWSY
2025-05-30 00:07:16.855608,0.09,DROWSY
2025-05-30 00:07:16.914840,0.1,DROWSY
2025-05-30 00:07:19.988139,0.17,DROWSY
2025-05-30 00:07:20.031461,0.15,DROWSY
2025-05-30 00:07:20.100172,0.15,DROWSY
2025-05-30 00:07:20.147059,0.15,DROWSY
2025-05-30 00:07:20.225126,0.12,DROWSY
2025-05-30 00:07:20.286362,0.14,DROWSY
2025-05-30 00:07:20.327845,0.11,DROWSY
2025-05-30 00:07:20.426179,0.13,DROWSY
2025-05-30 00:07:20.491327,0.14,DROWSY
2025-05-30 00:07:20.530053,0.13,DROWSY
2025-05-30 00:07:20.609312,0.08,DROWSY
2025-05-30 00:07:20.670664,0.1,DROWSY
2025-05-30 00:07:20.734035,0.11,DROWSY
2025-05-30 00:07:20.829142,0.12,DROWSY
2025-05-30 00:07:20.898833,0.12,DROWSY
2025-05-30 00:07:20.948473,0.1,DROWSY
2025-05-30 00:07:21.098468,0.14,DROWSY
2025-05-30 00:07:21.137053,0.13,DROWSY
2025-05-30 00:07:21.209226,0.14,DROWSY
2025-05-30 00:07:21.256360,0.12,DROWSY
2025-05-30 00:07:21.302176,0.13,DROWSY
2025-05-30 00:07:21.346519,0.12,DROWSY
2025-05-30 00:07:21.418158,0.16,DROWSY
2025-05-30 00:07:21.514685,0.2,DROWSY
2025-05-30 00:07:21.542423,0.18,DROWSY
2025-05-30 00:07:21.630086,0.11,DROWSY
2025-05-30 00:07:21.707968,0.1,DROWSY
2025-05-30 00:07:21.756497,0.13,DROWSY
2025-05-30 00:07:21.812476,0.15,DROWSY
2025-05-30 00:07:21.867898,0.13,DROWSY
2025-05-30 00:07:21.920748,0.12,DROWSY
2025-05-30 00:07:22.019045,0.14,DROWSY
2025-05-30 00:07:22.064888,0.14,DROWSY
2025-05-30 00:07:22.106454,0.14,DROWSY
2025-05-30 00:07:22.164911,0.15,DROWSY
2025-05-30 00:07:22.217801,0.11,DROWSY
2025-05-30 00:07:22.263465,0.1,DROWSY
2025-05-30 00:07:22.308821,0.12,DROWSY
2025-05-30 00:07:22.363913,0.13,DROWSY
2025-05-30 00:07:22.408560,0.12,DROWSY
2025-05-30 00:07:22.455239,0.14,DROWSY
2025-05-30 00:07:22.499079,0.15,DROWSY
2025-05-30 00:07:22.653501,0.1,DROWSY
2025-05-30 00:07:22.704104,0.09,DROWSY
2025-05-30 00:07:22.753016,0.14,DROWSY
2025-05-30 00:07:22.798200,0.14,DROWSY
2025-05-30 00:07:22.839644,0.16,DROWSY
2025-05-30 00:07:22.892118,0.15,DROWSY
2025-05-30 00:07:22.933792,0.11,DROWSY
2025-05-30 00:07:23.013961,0.11,DROWSY
2025-05-30 00:07:23.062579,0.11,DROWSY
2025-05-30 00:07:23.102275,0.14,DROWSY
2025-05-30 00:07:23.216355,0.13,DROWSY
2025-05-30 00:07:23.263130,0.12,DROWSY
2025-05-30 00:07:23.326055,0.12,DROWSY
2025-05-30 00:07:23.405888,0.15,DROWSY
2025-05-30 00:07:23.454011,0.16,DROWSY
2025-05-30 00:07:23.499117,0.16,DROWSY
2025-05-30 00:07:23.551405,0.1,DROWSY
2025-05-30 00:07:23.594773,0.1,DROWSY
2025-05-30 00:07:23.640486,0.1,DROWSY
2025-05-30 00:07:23.726941,0.14,DROWSY
2025-05-30 00:07:23.793578,0.15,DROWSY
2025-05-30 00:07:23.828907,0.12,DROWSY
2025-05-30 00:07:23.908230,0.16,DROWSY
2025-05-30 00:07:23.956109,0.16,DROWSY
2025-05-30 00:07:24.004930,0.17,DROWSY
2025-06-02 13:52:46.354278,0.09,DROWSY
2025-06-02 13:52:46.422254,0.08,DROWSY
2025-06-02 13:52:46.475680,0.07,DROWSY
2025-06-02 13:52:46.540918,0.07,DROWSY
2025-06-02 13:52:46.584095,0.04,DROWSY
2025-06-02 13:52:46.722230,0.04,DROWSY
2025-06-02 13:52:46.785827,0.08,DROWSY
2025-06-02 13:52:46.880291,0.07,DROWSY
2025-06-02 13:52:46.963901,0.06,DROWSY
2025-06-02 13:52:47.168666,0.06,DROWSY
2025-06-02 13:52:47.255074,0.12,DROWSY
2025-06-02 13:52:47.329652,0.08,DROWSY
2025-06-02 13:52:47.399905,0.08,DROWSY
2025-06-02 13:52:47.469900,0.09,DROWSY
2025-06-02 13:52:47.512766,0.08,DROWSY
2025-06-02 13:52:47.564269,0.08,DROWSY
2025-06-02 13:52:47.631451,0.13,DROWSY
2025-06-02 13:52:47.701238,0.09,DROWSY
2025-06-02 13:52:47.755223,0.1,DROWSY
2025-06-02 13:52:47.812378,0.09,DROWSY
2025-06-02 13:52:47.876202,0.11,DROWSY
2025-06-02 13:52:47.946875,0.09,DROWSY
2025-06-02 13:52:47.999594,0.1,DROWSY
2025-06-02 13:52:48.046311,0.12,DROWSY
2025-06-02 13:52:48.094386,0.13,DROWSY
2025-06-02 13:52:48.147713,0.07,DROWSY
2025-06-02 13:52:48.202088,0.12,DROWSY
2025-06-02 13:52:48.262043,0.09,DROWSY
2025-06-02 13:52:48.312726,0.08,DROWSY
2025-06-02 13:52:48.379621,0.08,DROWSY
2025-06-02 13:52:48.416662,0.09,DROWSY
2025-06-02 13:52:48.480219,0.07,DROWSY
2025-06-02 13:52:48.526894,0.09,DROWSY
2025-06-02 13:52:48.572421,0.07,DROWSY
2025-06-02 13:52:48.620363,0.08,DROWSY
2025-06-02 13:52:48.686858,0.09,DROWSY
2025-06-02 13:52:48.749713,0.07,DROWSY
2025-06-02 13:52:48.812447,0.07,DROWSY
2025-06-02 13:52:48.870170,0.1,DROWSY
2025-06-02 13:52:48.920866,0.08,DROWSY
2025-06-02 13:52:49.011565,0.1,DROWSY
2025-06-02 13:52:49.054516,0.08,DROWSY
2025-06-02 13:52:49.110776,0.08,DROWSY
2025-06-02 13:52:49.182802,0.12,DROWSY
2025-06-02 13:52:49.230990,0.09,DROWSY
2025-06-02 13:52:49.293020,0.08,DROWSY
2025-06-02 13:52:49.469435,0.09,DROWSY
2025-06-02 13:52:49.528294,0.07,DROWSY
2025-06-02 13:52:49.591643,0.1,DROWSY
2025-06-02 13:52:49.660303,0.11,DROWSY
2025-06-02 13:52:49.715348,0.09,DROWSY
2025-06-02 13:52:49.773262,0.08,DROWSY
2025-06-02 13:52:49.832810,0.08,DROWSY
2025-06-02 13:52:49.892510,0.08,DROWSY
2025-06-02 13:52:49.967271,0.09,DROWSY
2025-06-02 13:52:50.051750,0.09,DROWSY
2025-06-02 13:52:50.132282,0.09,DROWSY
2025-06-02 13:52:50.245791,0.1,DROWSY
2025-06-02 13:52:50.340300,0.09,DROWSY
2025-06-02 13:52:50.434085,0.08,DROWSY
2025-06-02 13:52:51.085597,0.11,DROWSY
2025-06-04 17:29:59.842376,0.06,DROWSY
2025-06-04 17:29:59.905465,0.09,DROWSY
2025-06-04 17:29:59.959022,0.09,DROWSY
2025-06-04 17:30:00.008984,0.1,DROWSY
2025-06-04 17:30:00.124505,0.08,DROWSY
2025-06-04 17:30:00.170509,0.11,DROWSY
2025-06-04 17:30:00.202478,0.09,DROWSY
2025-06-04 17:30:00.249979,0.1,DROWSY
2025-06-04 17:30:00.303178,0.08,DROWSY
2025-06-04 17:30:00.372803,0.11,DROWSY
2025-06-04 17:30:00.424482,0.12,DROWSY
2025-06-04 17:30:00.474724,0.13,DROWSY
2025-06-04 17:30:00.507380,0.14,DROWSY
2025-06-04 17:30:00.566196,0.14,DROWSY
2025-06-04 17:30:00.607286,0.13,DROWSY
2025-06-04 17:30:00.653616,0.11,DROWSY
2025-06-04 17:30:00.697187,0.11,DROWSY
2025-06-04 17:30:00.754133,0.12,DROWSY
2025-06-04 17:30:00.802966,0.13,DROWSY
2025-06-04 17:30:00.842080,0.16,DROWSY
2025-06-04 17:30:00.884469,0.13,DROWSY
2025-06-04 17:30:00.925385,0.13,DROWSY
2025-06-04 17:30:00.985333,0.12,DROWSY
2025-06-04 17:30:01.047926,0.12,DROWSY
2025-06-04 17:30:01.096095,0.11,DROWSY
2025-06-04 17:30:01.155709,0.11,DROWSY
2025-06-04 17:30:01.198441,0.14,DROWSY
2025-06-04 17:30:01.258198,0.13,DROWSY
2025-06-04 17:30:01.299281,0.14,DROWSY
2025-06-04 17:30:01.337253,0.15,DROWSY
2025-06-04 17:30:01.373540,0.14,DROWSY
2025-06-04 17:30:01.413118,0.13,DROWSY
2025-06-04 17:30:01.457263,0.11,DROWSY
2025-06-04 17:30:01.500927,0.14,DROWSY
2025-06-04 17:30:01.567454,0.1,DROWSY
2025-06-04 17:30:01.637773,0.14,DROWSY
2025-06-04 17:30:01.700837,0.14,DROWSY
2025-06-04 17:30:01.754950,0.14,DROWSY
2025-06-04 17:30:01.799295,0.11,DROWSY
2025-06-04 17:30:01.854487,0.11,DROWSY
2025-06-04 17:30:01.905854,0.11,DROWSY
2025-06-04 17:30:01.986029,0.11,DROWSY
2025-06-04 17:30:02.084077,0.12,DROWSY
2025-06-04 17:30:02.161044,0.09,DROWSY
2025-06-04 17:30:02.235675,0.13,DROWSY
2025-06-04 17:30:02.304097,0.09,DROWSY
2025-06-04 17:30:02.379879,0.11,DROWSY
2025-06-04 17:30:02.440823,0.12,DROWSY
2025-06-04 17:30:02.502470,0.11,DROWSY
2025-06-04 17:30:02.587063,0.14,DROWSY
2025-06-04 17:30:02.638007,0.12,DROWSY
2025-06-04 17:30:02.672799,0.13,DROWSY
2025-06-04 17:30:02.721004,0.11,DROWSY
2025-06-04 17:30:02.768810,0.15,DROWSY
2025-06-04 17:30:02.804789,0.15,DROWSY
2025-06-04 17:30:02.852750,0.13,DROWSY
2025-06-04 17:30:02.890869,0.11,DROWSY
2025-06-04 17:30:02.939185,0.12,DROWSY
2025-06-04 17:30:02.985246,0.13,DROWSY
2025-06-04 17:30:03.152638,0.12,DROWSY
2025-06-04 17:30:03.198610,0.13,DROWSY
2025-06-04 17:30:03.250797,0.14,DROWSY
2025-06-04 17:30:03.310351,0.13,DROWSY
2025-06-04 17:30:03.364911,0.13,DROWSY
2025-06-04 17:30:03.407368,0.11,DROWSY
2025-06-04 17:30:03.467452,0.12,DROWSY
2025-06-04 17:30:03.504341,0.13,DROWSY
2025-06-04 17:30:03.569062,0.14,DROWSY
2025-06-04 17:30:03.612053,0.14,DROWSY
2025-06-04 17:30:03.666888,0.14,DROWSY
2025-06-04 17:30:03.706136,0.13,DROWSY
2025-06-04 17:30:03.760985,0.15,DROWSY
2025-06-04 17:30:03.804934,0.14,DROWSY
2025-06-04 17:30:03.861184,0.13,DROWSY
2025-06-04 17:30:03.915384,0.14,DROWSY
2025-06-04 17:30:03.978139,0.15,DROWSY
2025-06-04 17:30:04.047161,0.13,DROWSY
2025-06-04 17:30:04.113638,0.12,DROWSY
2025-06-04 17:30:04.295667,0.15,DROWSY
2025-06-04 17:30:04.371004,0.11,DROWSY
2025-06-04 17:30:04.431601,0.14,DROWSY
2025-06-04 17:30:04.477331,0.15,DROWSY
2025-06-04 17:30:04.522246,0.13,DROWSY
2025-06-04 17:30:04.582401,0.16,DROWSY
2025-06-04 17:30:04.626854,0.13,DROWSY
2025-06-04 17:30:04.677039,0.12,DROWSY
2025-06-04 17:30:04.719676,0.13,DROWSY
2025-06-04 17:30:04.874168,0.15,DROWSY
2025-06-04 17:30:04.929355,0.12,DROWSY
2025-06-04 17:30:04.975412,0.13,DROWSY
2025-06-04 17:30:05.036609,0.13,DROWSY
2025-06-04 17:30:05.099430,0.13,DROWSY
2025-06-04 17:30:05.148174,0.13,DROWSY
2025-06-04 17:30:05.196417,0.11,DROWSY
2025-06-04 17:30:05.247155,0.1,DROWSY
2025-06-04 17:30:05.287723,0.11,DROWSY
2025-06-04 17:30:05.332898,0.1,DROWSY
2025-06-04 17:30:05.378875,0.1,DROWSY
2025-06-04 17:30:05.417725,0.12,DROWSY
2025-06-04 17:30:05.469784,0.14,DROWSY
2025-06-04 17:30:05.517591,0.14,DROWSY
2025-06-04 17:30:05.590970,0.13,DROWSY
2025-06-04 17:30:05.635017,0.12,DROWSY
2025-06-04 17:30:05.770888,0.15,DROWSY
2025-06-04 17:30:58.724245,0.08,DROWSY
2025-06-04 17:30:58.754567,0.07,DROWSY
2025-06-04 17:30:58.784962,0.06,DROWSY
2025-06-04 17:30:58.863473,0.04,DROWSY
2025-06-04 17:30:58.915451,0.09,DROWSY
2025-06-04 17:30:58.970816,0.1,DROWSY
2025-06-04 17:30:59.117023,0.07,DROWSY
2025-06-04 17:30:59.164196,0.09,DROWSY
2025-06-04 17:30:59.204850,0.08,DROWSY
2025-06-04 17:30:59.253668,0.08,DROWSY
2025-06-04 17:30:59.302727,0.08,DROWSY
2025-06-04 17:30:59.361910,0.06,DROWSY
2025-06-04 17:30:59.410326,0.07,DROWSY
2025-06-04 17:30:59.465591,0.08,DROWSY
2025-06-04 17:30:59.526385,0.06,DROWSY
2025-06-04 17:30:59.589351,0.08,DROWSY
2025-06-04 17:30:59.648268,0.07,DROWSY
2025-06-04 17:30:59.691474,0.06,DROWSY
2025-06-04 17:30:59.747049,0.08,DROWSY
2025-06-04 17:30:59.794685,0.06,DROWSY
2025-06-04 17:30:59.835390,0.06,DROWSY
2025-06-04 17:30:59.931740,0.07,DROWSY
2025-06-04 17:31:00.016638,0.1,DROWSY
2025-06-04 17:31:00.151258,0.06,DROWSY
2025-06-04 17:31:00.205920,0.1,DROWSY
2025-06-04 17:31:00.332125,0.1,DROWSY
2025-06-04 17:31:00.436322,0.09,DROWSY
2025-06-04 17:31:00.535531,0.09,DROWSY
2025-06-04 17:31:00.684741,0.08,DROWSY
2025-06-04 17:31:00.797206,0.08,DROWSY
2025-06-04 17:31:00.866926,0.12,DROWSY
2025-06-04 17:31:00.928857,0.1,DROWSY
2025-06-04 17:31:00.990827,0.09,DROWSY
2025-06-04 17:31:01.060046,0.09,DROWSY
2025-06-04 17:31:01.130210,0.1,DROWSY
2025-06-04 17:31:01.189852,0.13,DROWSY
2025-06-04 17:31:01.265208,0.12,DROWSY
2025-06-04 17:31:01.309979,0.11,DROWSY
2025-06-04 17:31:01.397299,0.13,DROWSY
2025-06-04 17:31:01.467459,0.11,DROWSY
2025-06-04 17:31:01.515183,0.08,DROWSY
2025-06-04 17:31:01.594544,0.1,DROWSY
2025-06-04 17:31:01.667710,0.09,DROWSY
2025-06-04 17:31:01.727197,0.12,DROWSY
2025-06-04 17:31:02.148257,0.1,DROWSY
2025-06-04 17:31:02.239688,0.12,DROWSY
2025-06-04 17:31:02.294823,0.1,DROWSY
2025-06-04 17:31:02.373574,0.13,DROWSY
2025-06-04 17:31:02.427462,0.07,DROWSY
2025-06-04 17:31:02.497619,0.09,DROWSY
2025-06-04 17:31:02.597541,0.07,DROWSY
2025-06-04 17:31:02.690736,0.11,DROWSY
2025-06-04 17:31:02.766200,0.08,DROWSY
2025-06-04 17:31:02.833478,0.07,DROWSY
2025-06-04 17:31:02.929644,0.09,DROWSY
2025-06-04 17:31:02.995890,0.09,DROWSY
2025-06-04 17:31:03.082180,0.1,DROWSY
2025-06-04 17:31:03.166396,0.1,DROWSY
2025-06-04 17:31:03.248108,0.1,DROWSY
2025-06-04 17:31:03.299711,0.07,DROWSY
2025-06-04 17:31:03.381456,0.08,DROWSY
2025-06-04 17:31:03.429927,0.05,DROWSY
2025-06-04 17:31:03.502636,0.09,DROWSY
2025-06-04 17:31:03.590167,0.08,DROWSY
2025-06-04 17:31:03.649457,0.07,DROWSY
2025-06-04 17:31:03.699212,0.05,DROWSY
2025-06-04 17:31:03.764894,0.05,DROWSY
2025-06-04 17:31:03.814862,0.11,DROWSY
2025-06-04 17:31:03.894792,0.08,DROWSY
2025-06-04 17:31:03.961062,0.13,DROWSY
2025-06-04 17:31:04.010233,0.17,DROWSY
2025-06-04 17:31:04.097307,0.13,DROWSY
2025-06-04 17:31:04.142490,0.16,DROWSY
2025-06-04 17:31:04.228718,0.16,DROWSY
2025-06-04 17:31:04.312634,0.17,DROWSY
2025-06-04 17:31:04.394725,0.18,DROWSY
2025-06-04 17:31:04.473791,0.19,DROWSY
2025-06-04 17:31:04.558838,0.18,DROWSY
2025-06-04 17:31:04.628066,0.19,DROWSY
2025-06-04 17:31:04.694914,0.18,DROWSY
2025-06-04 17:31:04.775652,0.18,DROWSY
2025-06-04 17:31:04.811424,0.18,DROWSY
2025-06-04 17:31:04.892849,0.17,DROWSY
2025-06-04 17:31:04.963720,0.19,DROWSY
2025-06-04 17:31:05.036527,0.18,DROWSY
2025-06-04 17:31:05.112156,0.19,DROWSY
2025-06-04 17:31:05.169558,0.2,DROWSY
2025-06-04 17:31:05.246447,0.18,DROWSY
2025-06-04 17:31:05.296949,0.06,DROWSY
2025-06-04 17:31:05.364504,0.04,DROWSY
2025-06-04 17:31:05.461235,0.16,DROWSY
2025-06-04 17:31:05.612711,0.17,DROWSY
2025-06-04 17:31:05.707716,0.17,DROWSY
2025-06-04 17:31:05.764896,0.18,DROWSY
2025-06-04 17:31:05.819543,0.19,DROWSY
2025-06-04 17:31:05.894543,0.18,DROWSY
2025-06-04 17:31:05.969684,0.19,DROWSY
2025-06-04 17:31:06.022689,0.18,DROWSY
2025-06-04 17:31:06.097238,0.16,DROWSY
2025-06-04 17:31:06.161955,0.18,DROWSY
2025-06-04 17:31:06.229386,0.18,DROWSY
2025-06-04 17:31:06.305362,0.19,DROWSY
2025-06-04 17:31:06.394544,0.18,DROWSY
2025-06-04 17:31:06.474896,0.19,DROWSY
2025-06-04 17:31:06.559692,0.18,DROWSY
2025-06-04 17:31:06.674424,0.17,DROWSY
2025-06-04 17:31:06.744307,0.17,DROWSY
2025-06-04 17:31:06.820642,0.19,DROWSY
2025-06-04 17:31:06.935004,0.16,DROWSY
2025-06-04 17:31:22.794438,0.1,DROWSY
2025-06-04 17:31:22.877137,0.11,DROWSY
2025-06-04 17:31:22.944337,0.1,DROWSY
2025-06-04 17:31:23.009268,0.12,DROWSY
2025-06-04 17:31:23.127424,0.09,DROWSY
2025-06-04 17:31:23.196954,0.11,DROWSY
2025-06-04 17:31:23.265343,0.1,DROWSY
2025-06-04 17:31:23.327990,0.1,DROWSY
2025-06-04 17:31:23.435768,0.12,DROWSY
2025-06-04 17:31:23.674311,0.1,DROWSY
2025-06-04 17:31:23.746417,0.11,DROWSY
2025-06-04 17:31:23.859087,0.1,DROWSY
2025-06-04 17:31:23.974063,0.1,DROWSY
2025-06-04 17:31:24.119863,0.09,DROWSY
2025-06-04 17:31:24.239129,0.09,DROWSY
2025-06-04 17:31:24.377612,0.1,DROWSY
2025-06-04 17:31:24.524425,0.13,DROWSY
2025-06-04 17:31:24.686986,0.12,DROWSY
2025-06-04 17:31:24.787088,0.11,DROWSY
2025-06-04 17:31:24.912394,0.12,DROWSY
2025-06-04 17:31:25.079003,0.13,DROWSY
2025-06-04 17:31:25.188520,0.11,DROWSY
2025-06-04 17:31:25.273427,0.09,DROWSY
2025-06-04 17:31:25.343390,0.13,DROWSY
2025-06-04 17:31:25.425922,0.15,DROWSY
2025-06-04 17:31:25.534837,0.12,DROWSY
2025-06-04 17:31:25.627499,0.11,DROWSY
2025-06-04 17:31:25.706168,0.1,DROWSY
2025-06-04 17:31:25.792192,0.09,DROWSY
2025-06-04 17:31:25.886690,0.11,DROWSY
2025-06-04 17:31:25.957038,0.15,DROWSY
2025-06-04 17:31:26.037368,0.13,DROWSY
2025-06-04 17:31:26.121606,0.15,DROWSY
2025-06-04 17:31:26.220564,0.14,DROWSY
2025-06-04 17:31:26.324444,0.14,DROWSY
2025-06-04 17:31:26.419099,0.15,DROWSY
2025-06-04 17:31:26.535136,0.18,DROWSY
2025-06-04 17:31:26.624210,0.15,DROWSY
2025-06-05 12:10:00.343013,0.09,DROWSY
2025-06-05 12:10:00.460711,0.1,DROWSY
2025-06-05 12:10:00.525690,0.08,DROWSY
2025-06-05 12:10:00.592486,0.07,DROWSY
2025-06-05 12:10:00.638024,0.1,DROWSY
2025-06-05 12:10:00.680221,0.1,DROWSY
2025-06-05 12:10:00.734206,0.17,DROWSY
2025-06-05 12:10:00.807394,0.17,DROWSY
2025-06-05 12:10:00.889310,0.14,DROWSY
2025-06-05 12:10:05.886689,0.17,DROWSY
2025-06-05 12:10:05.952162,0.14,DROWSY
2025-06-05 12:10:06.002270,0.15,DROWSY
2025-06-05 12:10:06.059019,0.18,DROWSY
2025-06-05 12:10:06.124133,0.17,DROWSY
2025-06-05 12:10:06.190750,0.12,DROWSY
2025-06-05 12:10:06.241235,0.15,DROWSY
2025-06-05 12:10:06.283697,0.15,DROWSY
2025-06-05 12:10:06.325819,0.15,DROWSY
2025-06-05 12:10:06.381674,0.17,DROWSY
2025-06-05 12:10:06.430426,0.14,DROWSY
2025-06-05 12:10:06.487764,0.16,DROWSY
2025-06-05 12:10:06.538610,0.17,DROWSY
2025-06-05 12:10:06.639031,0.15,DROWSY
2025-06-05 12:10:06.846531,0.14,DROWSY
2025-06-05 12:10:06.940378,0.14,DROWSY
2025-06-05 12:10:07.121803,0.14,DROWSY
2025-06-05 12:10:07.276957,0.17,DROWSY
2025-06-05 12:10:07.377051,0.18,DROWSY
2025-06-05 12:10:07.423687,0.16,DROWSY
2025-06-05 12:10:07.489859,0.14,DROWSY
2025-06-05 12:10:07.640118,0.14,DROWSY
2025-06-05 12:10:07.700960,0.16,DROWSY
2025-06-05 12:10:07.757674,0.14,DROWSY
2025-06-05 12:10:07.819069,0.12,DROWSY
2025-06-05 12:10:07.860352,0.16,DROWSY
2025-06-05 12:10:07.913949,0.14,DROWSY
2025-06-05 12:10:07.964540,0.08,DROWSY
2025-06-05 12:10:08.053678,0.06,DROWSY
2025-06-05 12:10:08.118190,0.15,DROWSY
2025-06-05 12:10:08.168650,0.17,DROWSY
2025-06-05 12:10:08.220994,0.18,DROWSY
2025-06-05 12:10:08.279640,0.14,DROWSY
2025-06-05 12:10:08.324525,0.12,DROWSY
2025-06-05 12:10:08.380934,0.11,DROWSY
2025-06-05 12:10:08.472182,0.15,DROWSY
2025-06-05 12:10:08.587632,0.15,DROWSY
2025-06-05 12:10:08.655801,0.16,DROWSY
2025-06-05 12:10:08.719608,0.15,DROWSY
2025-06-05 12:10:08.771997,0.17,DROWSY
2025-06-05 12:10:08.821182,0.14,DROWSY
2025-06-05 12:10:08.881753,0.14,DROWSY
2025-06-05 12:10:08.947656,0.15,DROWSY
2025-06-05 12:10:08.988879,0.17,DROWSY
2025-06-05 12:10:09.095579,0.15,DROWSY
2025-06-05 12:10:09.144255,0.14,DROWSY
2025-06-05 12:10:09.195563,0.16,DROWSY
2025-06-05 12:10:09.254139,0.14,DROWSY
2025-06-05 12:10:09.301063,0.08,DROWSY
2025-06-05 12:10:09.349421,0.07,DROWSY
2025-06-05 12:10:09.393194,0.09,DROWSY
2025-06-05 12:10:09.447070,0.08,DROWSY
2025-06-05 12:10:09.500112,0.06,DROWSY
2025-06-05 12:10:09.626586,0.07,DROWSY
2025-06-05 12:10:09.686525,0.07,DROWSY
2025-06-05 12:10:09.748959,0.08,DROWSY
2025-06-05 12:10:09.782793,0.11,DROWSY
2025-06-05 12:10:09.834819,0.12,DROWSY
2025-06-05 12:10:09.880777,0.12,DROWSY
2025-06-05 12:10:09.928469,0.11,DROWSY
2025-06-05 12:10:09.970648,0.16,DROWSY
2025-06-05 12:10:10.050972,0.16,DROWSY
2025-06-05 12:10:10.113336,0.09,DROWSY
2025-06-05 12:10:10.159810,0.09,DROWSY
2025-06-05 12:10:10.212613,0.1,DROWSY
2025-06-05 12:10:10.254499,0.12,DROWSY
2025-06-05 12:10:10.301883,0.14,DROWSY
2025-06-05 12:10:10.346507,0.09,DROWSY
2025-06-05 12:10:10.396449,0.11,DROWSY
2025-06-05 12:10:10.464295,0.11,DROWSY
2025-06-05 12:10:10.547424,0.14,DROWSY
2025-06-05 12:10:10.637741,0.12,DROWSY
2025-06-05 12:10:10.763066,0.12,DROWSY
2025-06-05 12:10:10.830331,0.16,DROWSY
2025-06-05 12:10:10.893934,0.07,DROWSY
2025-06-05 12:10:10.957654,0.12,DROWSY
2025-06-05 12:10:11.034111,0.12,DROWSY
2025-06-05 12:10:11.110155,0.13,DROWSY
2025-06-05 12:10:11.170588,0.16,DROWSY
2025-06-05 12:10:11.261549,0.18,DROWSY
2025-06-05 12:10:11.318919,0.18,DROWSY
2025-06-05 12:10:11.379484,0.2,DROWSY
2025-06-05 12:10:11.444918,0.16,DROWSY
2025-06-05 12:10:11.530589,0.19,DROWSY
2025-06-05 12:10:11.626830,0.19,DROWSY
2025-06-05 12:10:11.726078,0.15,DROWSY
2025-06-05 12:10:11.795766,0.16,DROWSY
2025-06-05 12:10:11.881075,0.16,DROWSY
2025-06-05 12:10:15.448879,0.08,DROWSY
2025-06-05 12:10:15.490401,0.05,DROWSY
2025-06-05 12:10:15.559532,0.05,DROWSY
2025-06-05 12:10:15.601725,0.08,DROWSY
2025-06-05 12:10:15.656979,0.08,DROWSY
2025-06-05 12:10:15.697787,0.08,DROWSY
2025-06-05 12:10:15.759411,0.07,DROWSY
2025-06-05 12:10:15.814538,0.07,DROWSY
2025-06-05 12:10:15.873083,0.07,DROWSY
2025-06-05 12:10:15.921548,0.07,DROWSY
2025-06-05 12:10:15.973738,0.06,DROWSY
2025-06-05 12:10:16.063286,0.05,DROWSY
2025-06-05 12:10:16.123068,0.06,DROWSY
2025-06-05 12:10:16.178771,0.08,DROWSY
2025-06-05 12:10:16.226439,0.07,DROWSY
2025-06-05 12:10:16.270812,0.07,DROWSY
2025-06-05 12:10:16.320220,0.06,DROWSY
2025-06-05 12:10:16.360911,0.07,DROWSY
2025-06-05 12:10:16.414688,0.07,DROWSY
2025-06-05 12:10:16.458754,0.09,DROWSY
2025-06-05 12:10:16.575143,0.06,DROWSY
2025-06-05 12:10:16.657154,0.09,DROWSY
2025-06-05 12:10:16.729254,0.08,DROWSY
2025-06-05 12:10:16.794883,0.1,DROWSY
2025-06-05 12:10:16.857038,0.08,DROWSY
2025-06-05 12:10:16.897292,0.09,DROWSY
2025-06-05 12:10:16.957719,0.09,DROWSY
2025-06-05 12:10:17.006925,0.14,DROWSY
2025-06-05 12:10:17.082285,0.14,DROWSY
2025-06-05 12:10:17.160302,0.15,DROWSY
2025-06-05 12:10:17.196959,0.18,DROWSY
2025-06-05 12:10:17.290738,0.12,DROWSY
2025-06-05 12:10:17.393731,0.09,DROWSY
2025-06-05 12:10:17.446952,0.1,DROWSY
2025-06-05 12:10:17.493910,0.15,DROWSY
2025-06-05 12:10:20.177354,0.18,DROWSY
2025-06-05 12:10:20.224286,0.18,DROWSY
2025-06-08 21:24:24.742838,0.18,DROWSY
2025-06-08 21:24:24.797798,0.14,DROWSY
2025-06-08 21:24:24.849887,0.14,DROWSY
2025-06-08 21:24:24.888835,0.14,DROWSY
2025-06-08 21:24:24.972972,0.11,DROWSY
2025-06-08 21:24:25.052773,0.12,DROWSY
2025-06-08 21:24:25.094590,0.12,DROWSY
2025-06-08 21:24:25.152219,0.16,DROWSY
2025-06-08 21:24:25.187768,0.14,DROWSY
2025-06-08 21:24:25.258948,0.15,DROWSY
2025-06-08 21:24:25.332854,0.12,DROWSY
2025-06-08 21:24:25.372156,0.12,DROWSY
2025-06-08 21:24:25.424925,0.14,DROWSY
2025-06-08 21:24:25.520605,0.17,DROWSY
2025-06-08 21:24:25.568647,0.17,DROWSY
2025-06-08 21:24:25.619779,0.17,DROWSY
2025-06-08 21:24:25.675987,0.15,DROWSY
2025-06-08 21:24:25.753306,0.19,DROWSY
2025-06-08 21:24:25.803069,0.2,DROWSY
2025-06-08 21:24:25.928234,0.16,DROWSY
2025-06-08 21:24:26.167428,0.15,DROWSY
2025-06-08 21:25:45.136820,0.12,DROWSY
2025-06-08 21:25:45.176959,0.12,DROWSY
2025-06-08 21:25:45.230692,0.14,DROWSY
2025-06-08 21:25:45.270100,0.13,DROWSY
2025-06-08 21:25:45.339974,0.13,DROWSY
2025-06-08 21:25:45.418651,0.18,DROWSY
2025-06-08 21:25:45.466920,0.15,DROWSY
2025-06-08 21:25:45.548424,0.13,DROWSY
2025-06-08 21:25:45.612972,0.12,DROWSY
2025-06-08 21:25:45.658029,0.13,DROWSY
2025-06-08 21:25:45.708044,0.12,DROWSY
2025-06-08 21:25:45.747862,0.16,DROWSY
2025-06-08 21:25:45.808453,0.18,DROWSY
2025-06-08 21:25:45.858508,0.12,DROWSY
2025-06-08 21:25:45.914247,0.13,DROWSY
2025-06-08 21:25:45.972222,0.12,DROWSY
2025-06-08 21:25:46.031304,0.15,DROWSY
2025-06-08 21:25:46.123223,0.15,DROWSY
2025-06-08 21:25:46.169157,0.16,DROWSY
2025-06-08 21:25:46.219775,0.16,DROWSY
2025-06-08 21:25:46.324644,0.16,DROWSY
2025-06-08 21:25:46.393673,0.16,DROWSY
2025-06-08 21:25:46.452761,0.17,DROWSY
2025-06-08 21:25:46.519031,0.18,DROWSY
2025-06-08 21:25:46.571994,0.15,DROWSY
2025-06-08 21:25:46.623637,0.15,DROWSY
2025-06-08 21:25:46.751653,0.11,DROWSY
2025-06-08 21:25:46.868862,0.17,DROWSY
2025-06-08 21:25:46.966577,0.17,DROWSY
2025-06-09 15:42:57.760606,0.18,DROWSY
2025-06-09 15:43:09.170534,0.07,DROWSY
2025-06-09 15:43:09.219091,0.08,DROWSY
2025-06-09 15:43:09.266439,0.09,DROWSY
2025-06-09 15:43:09.308776,0.07,DROWSY
2025-06-09 15:43:09.366479,0.1,DROWSY
2025-06-09 15:43:09.425986,0.09,DROWSY
2025-06-09 15:43:09.466208,0.05,DROWSY
2025-06-09 15:43:09.511232,0.09,DROWSY
2025-06-09 15:43:09.563015,0.06,DROWSY
2025-06-09 15:43:09.624543,0.07,DROWSY
2025-06-09 15:43:09.687790,0.12,DROWSY
2025-06-09 15:43:09.752549,0.1,DROWSY
2025-06-09 15:43:09.836894,0.06,DROWSY
2025-06-09 15:43:09.889186,0.08,DROWSY
2025-06-09 15:43:09.947079,0.12,DROWSY
2025-06-09 15:43:10.005425,0.1,DROWSY
2025-06-09 15:43:10.062496,0.11,DROWSY
2025-06-09 15:43:10.118887,0.12,DROWSY
2025-06-09 15:43:10.172436,0.1,DROWSY
2025-06-09 15:43:10.353547,0.07,DROWSY
2025-06-09 15:43:10.420354,0.06,DROWSY
2025-06-09 15:43:10.466233,0.11,DROWSY
2025-06-09 15:43:10.531856,0.03,DROWSY
2025-06-09 15:43:10.577148,0.06,DROWSY
2025-06-09 15:43:10.640076,0.06,DROWSY
2025-06-09 15:43:10.686359,0.12,DROWSY
2025-06-09 15:43:10.751055,0.12,DROWSY
2025-06-09 15:43:10.800116,0.07,DROWSY
2025-06-09 15:43:10.840219,0.07,DROWSY
2025-06-09 15:43:10.898339,0.06,DROWSY
2025-06-09 15:43:10.966836,0.08,DROWSY
2025-06-09 15:43:11.027347,0.1,DROWSY
2025-06-09 15:43:11.072856,0.11,DROWSY
2025-06-09 15:43:11.138904,0.1,DROWSY
2025-06-09 15:43:11.178377,0.14,DROWSY
2025-06-09 15:43:11.230815,0.13,DROWSY
2025-06-09 15:43:11.277240,0.11,DROWSY
2025-06-09 15:43:11.345375,0.18,DROWSY
2025-06-09 15:43:11.393906,0.08,DROWSY
2025-06-09 15:43:11.449498,0.19,DROWSY
2025-06-09 15:43:11.500630,0.19,DROWSY
2025-06-09 15:43:11.540140,0.14,DROWSY
2025-06-09 15:43:11.600159,0.08,DROWSY
2025-06-09 15:43:11.653309,0.13,DROWSY
2025-06-09 15:43:11.702900,0.11,DROWSY
2025-06-09 15:43:11.751268,0.11,DROWSY
2025-06-09 15:43:11.797286,0.15,DROWSY
2025-06-09 15:43:11.839262,0.13,DROWSY
2025-06-09 15:43:11.893493,0.11,DROWSY
2025-06-09 15:43:11.948806,0.12,DROWSY
2025-06-09 15:43:11.999362,0.11,DROWSY
2025-06-09 15:43:12.064997,0.13,DROWSY
2025-06-09 15:43:12.138015,0.15,DROWSY
2025-06-09 15:43:12.177111,0.14,DROWSY
2025-06-09 15:43:12.228481,0.12,DROWSY
2025-06-09 15:43:12.271589,0.14,DROWSY
2025-06-09 15:43:12.324257,0.13,DROWSY
2025-06-09 15:43:12.368579,0.15,DROWSY
2025-06-09 15:43:12.435226,0.12,DROWSY
2025-06-09 15:43:12.472604,0.14,DROWSY
2025-06-09 15:43:12.531997,0.13,DROWSY
2025-06-09 15:43:12.575033,0.14,DROWSY
2025-06-09 15:43:12.643031,0.11,DROWSY
2025-06-09 15:43:12.702211,0.1,DROWSY
2025-06-09 15:43:12.741935,0.11,DROWSY
2025-06-09 15:43:12.799134,0.12,DROWSY
2025-06-09 15:43:12.840088,0.15,DROWSY
2025-06-09 15:43:12.893482,0.1,DROWSY
2025-06-09 15:43:12.935830,0.13,DROWSY
2025-06-09 15:43:12.976173,0.13,DROWSY
2025-06-09 15:43:13.043465,0.11,DROWSY
2025-06-09 15:43:13.116915,0.13,DROWSY
2025-06-09 15:43:13.186801,0.12,DROWSY
2025-06-09 15:43:13.247255,0.13,DROWSY
2025-06-09 15:43:13.299915,0.12,DROWSY
2025-06-09 15:43:13.342358,0.15,DROWSY
2025-06-09 15:43:13.395287,0.16,DROWSY
2025-06-09 15:43:13.433242,0.16,DROWSY
2025-06-09 15:43:13.480276,0.14,DROWSY
2025-06-09 15:43:13.542751,0.11,DROWSY
2025-06-09 15:43:13.599229,0.13,DROWSY
2025-06-09 15:43:13.651505,0.16,DROWSY
2025-06-09 15:43:13.699020,0.1,DROWSY
2025-06-09 15:43:13.747804,0.12,DROWSY
2025-06-09 15:43:13.797680,0.12,DROWSY
2025-06-09 15:43:13.840638,0.13,DROWSY
2025-06-09 15:43:13.889223,0.15,DROWSY
2025-06-09 15:43:13.930907,0.13,DROWSY
2025-06-09 15:43:13.979426,0.16,DROWSY
2025-06-09 15:43:14.036858,0.15,DROWSY
2025-06-09 15:43:14.097417,0.13,DROWSY
2025-06-09 15:43:14.147616,0.14,DROWSY
2025-06-09 15:43:14.200596,0.14,DROWSY
2025-06-09 15:43:14.258357,0.11,DROWSY
2025-06-09 15:43:14.330267,0.09,DROWSY
2025-06-09 15:43:14.363411,0.09,DROWSY
2025-06-09 15:43:14.415290,0.11,DROWSY
2025-06-09 15:43:14.463114,0.11,DROWSY
2025-06-09 15:43:14.521470,0.09,DROWSY
2025-06-09 15:43:14.569411,0.1,DROWSY
2025-06-09 15:43:14.649269,0.1,DROWSY
2025-06-09 15:43:14.699675,0.11,DROWSY
2025-06-09 15:43:14.760558,0.17,DROWSY
2025-06-09 15:43:14.805357,0.15,DROWSY
2025-06-09 15:43:14.851612,0.13,DROWSY
2025-06-09 15:43:14.899449,0.15,DROWSY
2025-06-09 15:43:14.946665,0.14,DROWSY
2025-06-09 15:43:14.999936,0.14,DROWSY
2025-06-09 15:43:15.052748,0.1,DROWSY
2025-06-09 15:43:15.107167,0.03,DROWSY
2025-06-09 15:43:15.162230,0.09,DROWSY
2025-06-09 15:43:15.208375,0.05,DROWSY
2025-06-09 15:43:15.263279,0.11,DROWSY
2025-06-09 15:43:15.325079,0.08,DROWSY
2025-06-09 15:43:15.366111,0.07,DROWSY
2025-06-09 15:43:15.413210,0.1,DROWSY
2025-06-09 15:43:15.529882,0.07,DROWSY
2025-06-09 15:43:15.607403,0.06,DROWSY
2025-06-09 15:43:15.661180,0.05,DROWSY
2025-06-09 15:43:15.721819,0.1,DROWSY
2025-06-09 15:43:15.771441,0.11,DROWSY
2025-06-09 15:43:15.818201,0.09,DROWSY
2025-06-09 15:43:15.869508,0.09,DROWSY
2025-06-09 15:43:15.931259,0.09,DROWSY
2025-06-09 15:43:15.975885,0.15,DROWSY
2025-06-10 17:06:36.189406,0.04,DROWSY
2025-06-10 17:06:36.309857,0.05,DROWSY
2025-06-10 17:06:36.379845,0.06,DROWSY
2025-06-10 17:06:36.443564,0.04,DROWSY
2025-06-10 17:06:36.544223,0.03,DROWSY
2025-06-10 17:06:36.593518,0.03,DROWSY
2025-06-10 17:06:36.650672,0.03,DROWSY
2025-06-10 17:06:36.707466,0.03,DROWSY
2025-06-10 17:06:36.755664,0.04,DROWSY
2025-06-10 17:06:36.814299,0.06,DROWSY
2025-06-10 17:06:36.879643,0.06,DROWSY
2025-06-10 17:06:36.946176,0.07,DROWSY
2025-06-10 17:06:37.293702,0.05,DROWSY
2025-06-10 17:06:37.357871,0.05,DROWSY
2025-06-10 17:06:37.426967,0.05,DROWSY
2025-06-10 17:06:37.479621,0.06,DROWSY
2025-06-10 17:06:37.540925,0.03,DROWSY
2025-06-10 17:06:37.593545,0.03,DROWSY
2025-06-10 17:06:37.662967,0.04,DROWSY
2025-06-10 17:06:37.790698,0.05,DROWSY
2025-06-10 17:06:37.870906,0.02,DROWSY
2025-06-10 17:06:37.979806,0.03,DROWSY
2025-06-10 17:06:38.047487,0.06,DROWSY
2025-06-10 17:06:38.107771,0.04,DROWSY
2025-06-10 17:06:38.153649,0.06,DROWSY
2025-06-10 17:06:38.218044,0.04,DROWSY
2025-06-10 17:06:38.274503,0.06,DROWSY
2025-06-10 17:06:38.311803,0.07,DROWSY
2025-06-10 17:06:38.358025,0.06,DROWSY
2025-06-10 17:06:38.439785,0.05,DROWSY
2025-06-10 17:06:38.520114,0.06,DROWSY
2025-06-10 17:06:38.562102,0.03,DROWSY
2025-06-10 17:06:38.623250,0.04,DROWSY
2025-06-10 17:06:38.677450,0.05,DROWSY
2025-06-10 17:06:38.744467,0.06,DROWSY
2025-06-10 17:06:38.795751,0.06,DROWSY
2025-06-10 17:06:38.856398,0.04,DROWSY
2025-06-10 17:06:38.917724,0.03,DROWSY
2025-06-10 17:06:38.967032,0.05,DROWSY
2025-06-10 17:06:39.030808,0.04,DROWSY
2025-06-10 17:06:39.101692,0.05,DROWSY
2025-06-10 17:06:39.267079,0.05,DROWSY
2025-06-10 17:06:39.341161,0.05,DROWSY
2025-06-10 17:06:39.391598,0.06,DROWSY
2025-06-10 17:06:39.450146,0.06,DROWSY
2025-06-10 17:06:39.494648,0.05,DROWSY
2025-06-10 17:06:39.546340,0.05,DROWSY
2025-06-10 17:06:39.640151,0.07,DROWSY
2025-06-10 17:06:39.691749,0.05,DROWSY
2025-06-10 17:06:39.738692,0.07,DROWSY
2025-06-10 17:06:39.785233,0.05,DROWSY
2025-06-10 17:06:39.823466,0.06,DROWSY
2025-06-10 17:06:39.875718,0.06,DROWSY
2025-06-10 17:06:39.938192,0.04,DROWSY
2025-06-10 17:06:39.990545,0.05,DROWSY
2025-06-10 17:06:40.133962,0.06,DROWSY
2025-06-10 17:06:40.185666,0.18,DROWSY
2025-06-10 17:06:40.234175,0.19,DROWSY
2025-06-10 17:06:40.293136,0.19,DROWSY
2025-06-11 16:36:33.034475,0.09,DROWSY
2025-06-11 16:36:33.098090,0.12,DROWSY
2025-06-11 16:36:33.146383,0.14,DROWSY
2025-06-11 16:36:33.193132,0.12,DROWSY
2025-06-11 16:36:33.237838,0.11,DROWSY
2025-06-11 16:36:33.299299,0.11,DROWSY
2025-06-11 16:36:33.385493,0.12,DROWSY
2025-06-11 16:36:33.433698,0.1,DROWSY
2025-06-11 16:36:33.512988,0.1,DROWSY
2025-06-11 16:36:33.580853,0.08,DROWSY
2025-06-11 16:36:33.649654,0.1,DROWSY
2025-06-11 16:36:33.703952,0.12,DROWSY
2025-06-11 16:36:33.780401,0.08,DROWSY
2025-06-11 16:36:33.832824,0.14,DROWSY
2025-06-11 16:36:33.898638,0.1,DROWSY
2025-06-11 16:36:33.972302,0.08,DROWSY
2025-06-11 16:36:34.145859,0.1,DROWSY
2025-06-11 16:36:34.285097,0.09,DROWSY
2025-06-11 16:36:34.419304,0.1,DROWSY
2025-06-11 16:36:34.493699,0.1,DROWSY
2025-06-11 16:36:34.547782,0.08,DROWSY
2025-06-11 16:36:34.586503,0.11,DROWSY
2025-06-11 16:36:34.635302,0.09,DROWSY
2025-06-11 16:36:34.695916,0.08,DROWSY
2025-06-11 16:36:34.763446,0.11,DROWSY
2025-06-11 16:36:34.846039,0.14,DROWSY
2025-06-11 16:36:34.911341,0.11,DROWSY
2025-06-11 16:36:34.977030,0.1,DROWSY
2025-06-11 16:36:35.031718,0.12,DROWSY
2025-06-11 16:36:35.083335,0.12,DROWSY
2025-06-11 16:36:35.136551,0.09,DROWSY
2025-06-11 16:36:35.194980,0.15,DROWSY
2025-06-11 16:36:35.246182,0.08,DROWSY
2025-06-11 16:36:35.301514,0.07,DROWSY
2025-06-11 16:36:35.365448,0.07,DROWSY
2025-06-11 16:36:35.409175,0.11,DROWSY
2025-06-11 16:36:35.483311,0.1,DROWSY
2025-06-11 16:36:35.537131,0.13,DROWSY
2025-06-11 16:36:35.594113,0.11,DROWSY
2025-06-11 16:36:35.648941,0.12,DROWSY
2025-06-11 16:36:35.706770,0.14,DROWSY
2025-06-11 16:36:35.766514,0.18,DROWSY
2025-06-11 16:36:35.817460,0.2,DROWSY
2025-06-11 16:56:52.632812,0.11,DROWSY
2025-06-11 16:56:52.693300,0.13,DROWSY
2025-06-11 16:56:52.758334,0.1,DROWSY
2025-06-11 16:56:52.804299,0.08,DROWSY
2025-06-11 16:56:52.852319,0.12,DROWSY
2025-06-11 16:56:52.902430,0.09,DROWSY
2025-06-11 16:56:52.958201,0.15,DROWSY
2025-06-11 16:56:53.018315,0.14,DROWSY
2025-06-11 16:56:53.070309,0.14,DROWSY
2025-06-11 16:56:53.136436,0.17,DROWSY
2025-06-11 16:56:53.180357,0.11,DROWSY
2025-06-11 16:56:53.224327,0.14,DROWSY
2025-06-11 16:56:53.269615,0.13,DROWSY
2025-06-11 16:56:53.363631,0.16,DROWSY
2025-06-11 16:56:53.429603,0.14,DROWSY
2025-06-11 16:56:53.472115,0.13,DROWSY
2025-06-11 16:56:53.538414,0.14,DROWSY
2025-06-11 16:56:53.586467,0.16,DROWSY
2025-06-11 16:56:53.662114,0.16,DROWSY
2025-06-11 16:56:53.751247,0.13,DROWSY
2025-06-11 16:56:53.837799,0.15,DROWSY
2025-06-11 16:56:53.914481,0.18,DROWSY
2025-06-11 16:57:22.163973,0.13,DROWSY
2025-06-11 16:57:22.262488,0.15,DROWSY
2025-06-11 16:57:22.343520,0.17,DROWSY
2025-06-11 16:57:22.410287,0.18,DROWSY
2025-06-11 16:57:22.488625,0.16,DROWSY
2025-06-11 16:57:22.577102,0.13,DROWSY
2025-06-11 16:57:22.661733,0.17,DROWSY
2025-06-11 16:57:22.740737,0.15,DROWSY
2025-06-11 16:57:22.818627,0.07,DROWSY
2025-06-11 16:57:22.911685,0.05,DROWSY
2025-06-11 16:57:23.008107,0.08,DROWSY
2025-06-11 16:57:23.095858,0.07,DROWSY
2025-06-11 16:57:23.175222,0.07,DROWSY
2025-06-11 16:57:23.280360,0.07,DROWSY
2025-06-11 16:57:23.407308,0.06,DROWSY
2025-06-11 16:57:23.556212,0.09,DROWSY
2025-06-11 16:57:23.662229,0.08,DROWSY
2025-06-11 16:57:23.776401,0.08,DROWSY
2025-06-11 16:57:23.873446,0.1,DROWSY
2025-06-11 16:57:23.995675,0.09,DROWSY
2025-06-11 16:57:24.224000,0.09,DROWSY
2025-06-11 16:57:24.297459,0.09,DROWSY
2025-06-11 16:57:24.371355,0.11,DROWSY
2025-06-11 16:57:24.454981,0.09,DROWSY
2025-06-11 16:57:24.572794,0.09,DROWSY
2025-06-11 16:57:24.670064,0.09,DROWSY
2025-06-11 16:57:24.775678,0.1,DROWSY
2025-06-11 16:57:24.892180,0.09,DROWSY
2025-06-11 16:57:24.974827,0.09,DROWSY
2025-06-11 16:57:25.073752,0.1,DROWSY
2025-06-11 16:57:25.292617,0.1,DROWSY
2025-06-11 16:57:25.406635,0.1,DROWSY
2025-06-11 16:57:25.503157,0.1,DROWSY
2025-06-11 16:57:25.620176,0.1,DROWSY
2025-06-11 16:57:25.693142,0.08,DROWSY
2025-06-11 16:57:25.777463,0.11,DROWSY
2025-06-11 16:57:25.870107,0.1,DROWSY
2025-06-11 16:57:25.952741,0.09,DROWSY
2025-06-11 16:57:26.034572,0.1,DROWSY
2025-06-11 16:57:26.108002,0.1,DROWSY
2025-06-11 16:57:26.194159,0.11,DROWSY
2025-06-11 16:57:26.306752,0.09,DROWSY
2025-06-13 15:04:52.417357,0.13,DROWSY
2025-06-13 15:04:52.480949,0.1,DROWSY
2025-06-13 15:04:52.562984,0.12,DROWSY
2025-06-13 15:04:52.613597,0.11,DROWSY
2025-06-13 15:04:52.675966,0.13,DROWSY
2025-06-13 15:04:52.771933,0.1,DROWSY
2025-06-13 15:04:52.851453,0.09,DROWSY
2025-06-13 15:04:52.916492,0.05,DROWSY
2025-06-13 15:04:52.975959,0.12,DROWSY
2025-06-13 15:04:53.117893,0.08,DROWSY
2025-06-13 15:04:53.199135,0.07,DROWSY
2025-06-13 15:04:53.277439,0.08,DROWSY
2025-06-13 15:04:53.428274,0.09,DROWSY
2025-06-13 15:04:53.616659,0.08,DROWSY
2025-06-13 15:04:53.779393,0.09,DROWSY
2025-06-13 15:04:53.838638,0.08,DROWSY
2025-06-13 15:04:53.881085,0.1,DROWSY
2025-06-13 15:04:53.930386,0.08,DROWSY
2025-06-13 15:04:53.992970,0.09,DROWSY
2025-06-13 15:04:54.045500,0.09,DROWSY
2025-06-13 15:04:54.096070,0.11,DROWSY
2025-06-13 15:04:54.150689,0.09,DROWSY
2025-06-13 15:04:54.205373,0.13,DROWSY
2025-06-13 15:04:54.254648,0.13,DROWSY
2025-06-13 15:04:54.319947,0.08,DROWSY
2025-06-13 15:04:54.384660,0.1,DROWSY
2025-06-13 15:04:54.438766,0.07,DROWSY
2025-06-13 15:04:54.497223,0.14,DROWSY
2025-06-13 15:04:54.555221,0.1,DROWSY
2025-06-13 15:04:54.609329,0.13,DROWSY
2025-06-13 15:04:54.684102,0.11,DROWSY
2025-06-13 15:04:54.763971,0.07,DROWSY
2025-06-13 15:04:54.813223,0.09,DROWSY
2025-06-13 15:04:54.872087,0.15,DROWSY
2025-06-13 15:04:54.930684,0.11,DROWSY
2025-06-13 15:04:54.986539,0.13,DROWSY
2025-06-13 15:04:55.063477,0.16,DROWSY
2025-06-13 15:04:55.104401,0.1,DROWSY
2025-06-13 15:04:55.163573,0.12,DROWSY
2025-06-13 15:04:55.214801,0.07,DROWSY
2025-06-13 15:04:55.293174,0.09,DROWSY
2025-06-13 15:04:55.338108,0.07,DROWSY
2025-06-13 15:04:55.394989,0.08,DROWSY
2025-06-13 15:04:55.880721,0.13,DROWSY
2025-06-14 16:14:05.831617,0.08,DROWSY
2025-06-14 16:14:05.883117,0.08,DROWSY
2025-06-14 16:14:05.948149,0.08,DROWSY
2025-06-14 16:14:06.048481,0.07,DROWSY
2025-06-14 16:14:06.104005,0.08,DROWSY
2025-06-14 16:14:06.158240,0.07,DROWSY
2025-06-14 16:14:06.199631,0.11,DROWSY
2025-06-14 16:14:06.260061,0.09,DROWSY
2025-06-14 16:14:06.341027,0.07,DROWSY
2025-06-14 16:14:06.478025,0.1,DROWSY
2025-06-14 16:14:06.534585,0.08,DROWSY
2025-06-14 16:14:06.584323,0.1,DROWSY
2025-06-14 16:14:06.647325,0.09,DROWSY
2025-06-14 16:14:06.745348,0.1,DROWSY
2025-06-14 16:14:06.833073,0.1,DROWSY
2025-06-14 16:14:06.961674,0.11,DROWSY
2025-06-14 16:14:07.145186,0.11,DROWSY
2025-06-14 16:14:07.191736,0.11,DROWSY
2025-06-14 16:14:07.260969,0.07,DROWSY
2025-06-14 16:14:07.309611,0.13,DROWSY
2025-06-14 16:14:07.354287,0.11,DROWSY
2025-06-14 16:14:07.396586,0.09,DROWSY
2025-06-14 16:14:07.459958,0.09,DROWSY
2025-06-14 16:14:07.510794,0.08,DROWSY
2025-06-14 16:14:07.555844,0.13,DROWSY
2025-06-14 16:14:07.601865,0.1,DROWSY
2025-06-14 16:14:07.681617,0.11,DROWSY
2025-06-14 16:14:07.760283,0.1,DROWSY
2025-06-14 16:14:07.839874,0.09,DROWSY
2025-06-14 16:14:07.899246,0.11,DROWSY
2025-06-14 16:14:07.971391,0.08,DROWSY
2025-06-14 16:14:08.064721,0.08,DROWSY
2025-06-14 16:14:08.113796,0.03,DROWSY
2025-06-14 16:14:08.160173,0.07,DROWSY
2025-06-14 16:14:08.223476,0.06,DROWSY
2025-06-14 16:14:08.294381,0.08,DROWSY
2025-06-14 16:14:08.361285,0.09,DROWSY
2025-06-14 16:14:08.409312,0.06,DROWSY
2025-06-14 16:14:08.540316,0.08,DROWSY
2025-06-14 16:14:08.622776,0.08,DROWSY
2025-06-14 16:14:08.664696,0.08,DROWSY
2025-06-14 16:14:08.724906,0.07,DROWSY
2025-06-14 16:14:08.777307,0.08,DROWSY
2025-06-14 16:14:08.828026,0.11,DROWSY
2025-06-14 16:14:08.944644,0.06,DROWSY
2025-06-14 16:14:09.023105,0.09,DROWSY
2025-06-14 16:14:09.091543,0.06,DROWSY
2025-06-14 16:14:09.160222,0.07,DROWSY
2025-06-14 16:14:09.226487,0.08,DROWSY
2025-06-14 16:14:09.292884,0.05,DROWSY
2025-06-14 16:14:09.362084,0.07,DROWSY
2025-06-14 16:14:09.423925,0.06,DROWSY
2025-06-14 16:14:09.480978,0.07,DROWSY
2025-06-14 16:14:09.540263,0.07,DROWSY
2025-06-14 16:14:09.606620,0.06,DROWSY
2025-06-14 16:14:09.670978,0.07,DROWSY
2025-06-14 16:14:09.739584,0.08,DROWSY
2025-06-14 16:14:09.810190,0.07,DROWSY
2025-06-14 16:14:09.867016,0.08,DROWSY
2025-06-14 16:14:09.927056,0.06,DROWSY
2025-06-14 16:14:09.979650,0.07,DROWSY
2025-06-14 16:14:10.062137,0.09,DROWSY
2025-06-14 16:14:10.139628,0.08,DROWSY
2025-06-14 16:14:10.223704,0.07,DROWSY
2025-06-14 16:14:10.289032,0.06,DROWSY
2025-06-14 16:14:10.353754,0.08,DROWSY
2025-06-14 16:14:10.415211,0.07,DROWSY
2025-06-14 16:14:10.471750,0.08,DROWSY
2025-06-14 16:14:10.521186,0.06,DROWSY
2025-06-14 16:14:10.569988,0.09,DROWSY
2025-06-14 16:14:10.622480,0.08,DROWSY
2025-06-14 16:14:10.690967,0.06,DROWSY
2025-06-15 16:06:54.847414,0.08,DROWSY
2025-06-15 16:06:54.899276,0.07,DROWSY
2025-06-15 16:06:54.974121,0.06,DROWSY
2025-06-15 16:06:55.049997,0.08,DROWSY
2025-06-15 16:06:55.131940,0.08,DROWSY
2025-06-15 16:06:55.235988,0.08,DROWSY
2025-06-15 16:06:55.313814,0.07,DROWSY
2025-06-15 16:06:55.362685,0.08,DROWSY
2025-06-15 16:06:55.422452,0.07,DROWSY
2025-06-15 16:06:55.472838,0.06,DROWSY
2025-06-15 16:06:55.530868,0.07,DROWSY
2025-06-15 16:06:55.639105,0.06,DROWSY
2025-06-15 16:06:55.767076,0.08,DROWSY
2025-06-15 16:06:55.870559,0.08,DROWSY
2025-06-15 16:06:55.972860,0.06,DROWSY
2025-06-15 16:06:56.067021,0.06,DROWSY
2025-06-15 16:06:56.174432,0.06,DROWSY
2025-06-15 16:06:56.241034,0.07,DROWSY
2025-06-15 16:06:56.310382,0.08,DROWSY
2025-06-15 16:06:56.371865,0.06,DROWSY
2025-06-15 16:06:56.565293,0.08,DROWSY
2025-06-15 16:06:56.668392,0.07,DROWSY
2025-06-15 16:06:56.758094,0.06,DROWSY
2025-06-15 16:06:56.807154,0.07,DROWSY
2025-06-15 16:06:56.850910,0.07,DROWSY
2025-06-15 16:06:56.883061,0.06,DROWSY
2025-06-15 16:06:56.932256,0.06,DROWSY
2025-06-15 16:06:57.018967,0.06,DROWSY
2025-06-15 16:06:57.068742,0.05,DROWSY
2025-06-15 16:06:57.144226,0.11,DROWSY
2025-06-15 17:45:54.461459,0.02,DROWSY
2025-06-15 17:45:54.565601,0.06,DROWSY
2025-06-15 17:45:54.622974,0.05,DROWSY
2025-06-15 17:45:54.686769,0.04,DROWSY
2025-06-15 17:45:54.741632,0.03,DROWSY
2025-06-15 17:45:54.783550,0.04,DROWSY
2025-06-15 17:45:54.850831,0.05,DROWSY
2025-06-15 17:45:54.905671,0.06,DROWSY
2025-06-15 17:45:54.975633,0.04,DROWSY
2025-06-15 17:45:55.029840,0.06,DROWSY
2025-06-15 17:45:55.078181,0.05,DROWSY
2025-06-15 17:45:55.129116,0.04,DROWSY
2025-06-15 17:45:55.183337,0.05,DROWSY
2025-06-15 17:45:55.236943,0.05,DROWSY
2025-06-15 17:45:55.368335,0.08,DROWSY
2025-06-15 17:45:55.497639,0.07,DROWSY
2025-06-15 17:45:55.649153,0.06,DROWSY
2025-06-15 17:45:55.771174,0.07,DROWSY
2025-06-15 17:45:55.884254,0.06,DROWSY
2025-06-15 17:45:55.941100,0.05,DROWSY
2025-06-15 17:45:55.977614,0.07,DROWSY
2025-06-15 17:45:56.032821,0.09,DROWSY
2025-06-15 17:45:56.079211,0.08,DROWSY
2025-06-15 17:45:56.122916,0.05,DROWSY
2025-06-15 17:45:56.177708,0.06,DROWSY
2025-06-15 17:45:56.243496,0.07,DROWSY
2025-06-15 17:45:56.280761,0.08,DROWSY
2025-06-15 17:45:56.326102,0.07,DROWSY
2025-06-15 17:45:56.379150,0.06,DROWSY
2025-06-15 17:45:56.436092,0.06,DROWSY
2025-06-15 17:45:56.499357,0.06,DROWSY
2025-06-15 17:45:56.577764,0.05,DROWSY
2025-06-15 17:45:56.622051,0.06,DROWSY
2025-06-15 17:45:56.677897,0.06,DROWSY
2025-06-15 17:45:56.725832,0.15,DROWSY
2025-06-15 17:45:56.761889,0.19,DROWSY
2025-06-16 09:11:17.067476,0.08,DROWSY
2025-06-16 09:11:17.167068,0.05,DROWSY
2025-06-16 09:11:17.230577,0.07,DROWSY
2025-06-16 09:11:17.304552,0.06,DROWSY
2025-06-16 09:11:17.369199,0.06,DROWSY
2025-06-16 09:11:17.513974,0.06,DROWSY
2025-06-16 09:11:17.679170,0.06,DROWSY
2025-06-16 09:11:17.767744,0.05,DROWSY
2025-06-16 09:11:17.840685,0.07,DROWSY
2025-06-16 09:11:17.954593,0.06,DROWSY
2025-06-16 09:11:18.110830,0.07,DROWSY
2025-06-16 09:11:18.209879,0.05,DROWSY
2025-06-16 09:11:18.354209,0.05,DROWSY
2025-06-16 09:11:18.503463,0.08,DROWSY
2025-06-16 09:11:18.612761,0.07,DROWSY
2025-06-16 09:11:18.758292,0.07,DROWSY
2025-06-16 09:11:18.909689,0.08,DROWSY
2025-06-16 09:11:19.023708,0.1,DROWSY
2025-06-16 09:11:19.095022,0.11,DROWSY
2025-06-16 09:11:19.178941,0.09,DROWSY
2025-06-16 09:11:19.252874,0.08,DROWSY
2025-06-16 09:11:19.363489,0.14,DROWSY
2025-06-16 12:35:23.599959,0.1,DROWSY
2025-06-16 12:35:23.706834,0.09,DROWSY
2025-06-16 12:35:23.769464,0.1,DROWSY
2025-06-16 12:35:23.893950,0.11,DROWSY
2025-06-16 12:35:24.046272,0.1,DROWSY
2025-06-16 12:35:24.219215,0.12,DROWSY
2025-06-16 12:35:24.328992,0.1,DROWSY
2025-06-16 12:35:24.428030,0.11,DROWSY
2025-06-16 12:35:24.686968,0.1,DROWSY
2025-06-16 12:35:24.874818,0.1,DROWSY
2025-06-16 12:35:25.126342,0.12,DROWSY
2025-06-16 12:35:25.320913,0.11,DROWSY
2025-06-16 12:35:25.509931,0.09,DROWSY
2025-06-16 12:35:25.887658,0.09,DROWSY
2025-06-16 12:35:26.159689,0.11,DROWSY
2025-06-16 12:35:26.352355,0.11,DROWSY
2025-06-16 12:35:26.475252,0.08,DROWSY
2025-06-16 12:35:26.686924,0.09,DROWSY
2025-06-16 12:35:26.866140,0.09,DROWSY
2025-06-16 12:35:27.135773,0.08,DROWSY
2025-06-18 12:49:27.307768,0.08,DROWSY
2025-06-18 12:49:27.347387,0.07,DROWSY
2025-06-18 12:49:27.416548,0.07,DROWSY
2025-06-18 12:49:27.450716,0.07,DROWSY
2025-06-18 12:49:27.510740,0.08,DROWSY
2025-06-18 12:49:27.561142,0.09,DROWSY
2025-06-18 12:49:27.616977,0.07,DROWSY
2025-06-18 12:49:27.668410,0.08,DROWSY
2025-06-18 12:49:27.734942,0.08,DROWSY
2025-06-18 12:49:27.902055,0.07,DROWSY
2025-06-18 12:49:27.946717,0.07,DROWSY
2025-06-18 12:49:27.989154,0.07,DROWSY
2025-06-18 12:49:28.032275,0.08,DROWSY
2025-06-18 12:49:28.125158,0.08,DROWSY
2025-06-18 12:49:28.226377,0.08,DROWSY
2025-06-18 12:49:28.314864,0.08,DROWSY
2025-06-18 12:49:28.429051,0.07,DROWSY
2025-06-18 12:49:28.527886,0.07,DROWSY
2025-06-18 12:49:28.600636,0.07,DROWSY
2025-06-18 12:49:28.660705,0.06,DROWSY
2025-06-18 12:49:28.720525,0.06,DROWSY
2025-06-18 12:49:28.762161,0.07,DROWSY
2025-06-18 12:49:28.812016,0.07,DROWSY
2025-06-18 12:49:28.857968,0.07,DROWSY
2025-06-18 12:49:28.929096,0.08,DROWSY
2025-06-18 12:49:28.967740,0.08,DROWSY
2025-06-18 12:49:29.024983,0.08,DROWSY
2025-06-18 12:49:29.064833,0.09,DROWSY
2025-06-18 12:49:29.132088,0.08,DROWSY
2025-06-18 12:49:29.193912,0.07,DROWSY
2025-06-18 12:49:29.245617,0.07,DROWSY
2025-06-18 12:49:29.296688,0.07,DROWSY
2025-06-18 12:49:29.356304,0.08,DROWSY
2025-06-18 12:49:29.427730,0.16,DROWSY
2025-06-18 12:49:29.492870,0.2,DROWSY
2025-06-18 12:49:29.543905,0.19,DROWSY
2025-06-18 12:49:36.285747,0.07,DROWSY
2025-06-18 12:49:36.316718,0.08,DROWSY
2025-06-18 12:49:36.351091,0.07,DROWSY
2025-06-18 12:49:36.384729,0.08,DROWSY
2025-06-18 12:49:36.434258,0.09,DROWSY
2025-06-18 12:49:36.482571,0.07,DROWSY
2025-06-18 12:49:36.522126,0.06,DROWSY
2025-06-18 12:49:36.559456,0.07,DROWSY
2025-06-18 12:49:36.638175,0.07,DROWSY
2025-06-18 12:49:36.686998,0.08,DROWSY
2025-06-18 12:49:36.805709,0.1,DROWSY
2025-06-18 12:49:36.875361,0.08,DROWSY
2025-06-18 12:49:36.926798,0.06,DROWSY
2025-06-18 12:49:36.981033,0.09,DROWSY
2025-06-18 12:49:37.115799,0.09,DROWSY
2025-06-18 12:49:37.169095,0.08,DROWSY
2025-06-18 12:49:37.253014,0.06,DROWSY
2025-06-18 12:49:37.374711,0.08,DROWSY
2025-06-18 12:49:37.458313,0.07,DROWSY
2025-06-18 12:49:46.459636,0.04,DROWSY
2025-06-18 12:49:46.491833,0.06,DROWSY
2025-06-18 12:49:46.527414,0.07,DROWSY
2025-06-18 12:49:46.562116,0.07,DROWSY
2025-06-18 12:49:46.615397,0.04,DROWSY
2025-06-18 12:49:46.745179,0.07,DROWSY
2025-06-18 12:49:46.779301,0.05,DROWSY
2025-06-18 12:49:46.815890,0.07,DROWSY
2025-06-18 12:49:46.855781,0.07,DROWSY
2025-06-18 12:49:46.895485,0.07,DROWSY
2025-06-18 12:49:46.934005,0.06,DROWSY
2025-06-18 12:49:46.978507,0.05,DROWSY
2025-06-18 12:49:47.021490,0.08,DROWSY
2025-06-18 12:49:47.061453,0.07,DROWSY
2025-06-18 12:49:47.117626,0.08,DROWSY
2025-06-18 12:49:47.162636,0.08,DROWSY
2025-06-18 12:49:47.211262,0.08,DROWSY
2025-06-18 12:49:47.249983,0.08,DROWSY
2025-06-18 12:49:47.300219,0.08,DROWSY
2025-06-18 12:49:47.349158,0.08,DROWSY
2025-06-18 12:49:47.394480,0.07,DROWSY
2025-06-18 12:49:47.445598,0.06,DROWSY
2025-06-18 12:49:47.514033,0.09,DROWSY
2025-06-18 12:49:47.563102,0.05,DROWSY
2025-06-18 12:49:47.648456,0.08,DROWSY
2025-06-18 12:49:47.713765,0.06,DROWSY
2025-06-18 12:49:47.757131,0.07,DROWSY
2025-06-18 12:49:47.810231,0.07,DROWSY
2025-06-18 12:49:47.860351,0.06,DROWSY
2025-06-18 12:49:48.015616,0.07,DROWSY
2025-06-18 12:49:48.064668,0.08,DROWSY
2025-06-18 12:49:48.127370,0.08,DROWSY
2025-06-18 12:49:48.175872,0.08,DROWSY
2025-06-18 12:49:48.217648,0.08,DROWSY
2025-06-18 12:49:48.259916,0.08,DROWSY
2025-06-18 12:49:48.309710,0.07,DROWSY
2025-06-18 12:49:48.346606,0.07,DROWSY
2025-06-18 12:49:48.399019,0.06,DROWSY
2025-06-18 12:49:48.440236,0.07,DROWSY
2025-06-18 12:49:48.485146,0.07,DROWSY
2025-06-18 12:49:48.546563,0.06,DROWSY
2025-06-18 12:49:48.598790,0.07,DROWSY
2025-06-18 12:49:48.725849,0.08,DROWSY
2025-06-18 12:49:48.826555,0.08,DROWSY
2025-06-18 12:49:48.865528,0.08,DROWSY
2025-06-18 12:49:48.914469,0.07,DROWSY
2025-06-18 12:49:48.958600,0.08,DROWSY
2025-06-18 12:49:49.076585,0.07,DROWSY
2025-06-18 12:49:49.178879,0.07,DROWSY
2025-06-18 12:49:49.244034,0.08,DROWSY
2025-06-18 12:49:49.314564,0.08,DROWSY
2025-06-18 12:49:49.379922,0.08,DROWSY
2025-06-18 12:49:49.453871,0.07,DROWSY
2025-06-18 12:49:49.558521,0.08,DROWSY
2025-06-18 12:49:49.681103,0.09,DROWSY
2025-06-18 12:49:49.760468,0.07,DROWSY
2025-06-18 12:49:49.878272,0.09,DROWSY
2025-06-18 12:49:50.025930,0.08,DROWSY
2025-06-18 12:49:50.105317,0.08,DROWSY
2025-06-18 12:49:50.211676,0.09,DROWSY
2025-06-18 12:49:50.286146,0.16,DROWSY
